Real,Imaginary
0.212272232953878537,-0.205574193703330188
0.184241236449255691,-0.231031203069302832
0.153185003935760206,-0.252694686468079743
0.119613477892667602,-0.270208930101172473
0.084077901849469963,-0.283286350572333201
0.047161768982363565,-0.291712216998969875
0.009471241172424020,-0.295348176887303249
-0.028374804155719892,-0.294134527876488083
-0.065754935984090629,-0.288091198049728936
-0.102055373581496120,-0.277317418715704311
-0.136680064766166953,-0.261990095033221349
-0.169060473066101252,-0.242360901233400344
-0.198664913072218730,-0.218752148135756053
-0.225007280698079321,-0.191551490813451381
-0.247655034995538953,-0.161205563307717042
-0.266236300465164777,-0.128212644909238282
-0.280445973241652546,-0.093114478425979960
-0.290050730890859809,-0.056487374781255449
-0.294892863557724372,-0.018932750004300627
-0.294892863557724261,0.018932750004300621
-0.290050730890859698,0.056487374781255428
-0.280445973241652546,0.093114478425979960
-0.266236300465164888,0.128212644909238310
-0.247655034995538953,0.161205563307717042
-0.225007280698079321,0.191551490813451381
-0.198664913072219229,0.218752148135755609
-0.169060473066101252,0.242360901233400344
-0.136680064766166981,0.261990095033221404
-0.102055373581496606,0.277317418715704089
-0.065754935984091142,0.288091198049728825
-0.028374804155719958,0.294134527876488083
0.009471241172424084,0.295348176887303249
0.047161768982363565,0.291712216998969875
0.084077901849469935,0.283286350572333090
0.119613477892667353,0.270208930101172584
0.153185003935760178,0.252694686468079743
0.184241236449255774,0.231031203069302804
0.212272232953878537,0.205574193703330216
0.236817725261981138,0.176741661760154350
0.257474677068461555,0.145007036617163604
0.273903901795749416,0.110891399941855040
0.285835632028033193,0.074954929545259383
0.293073949084769247,0.037787701277771514
0.295499999999999985,-0.000000000000000072
0.295499999999999985,0.000000000000000000
0.293073949084769247,-0.037787701277771438
0.285835632028033138,-0.074954929545259480
0.273903901795749471,-0.110891399941854943
0.257474677068461555,-0.145007036617163604
0.236817725261981138,-0.176741661760154378
0.275205804754838745,-0.189960851306898243
0.250301994188416088,-0.221748216915721996
0.290767588956039491,-0.237759477650611700
0.315974826931391672,-0.203064691036322381
0.337062849816474164,-0.165722645626953963
0.353756742983005523,-0.126220152091715360
0.365838876003540481,-0.085072185845117013
0.373151739796915627,-0.042815173554886732
0.375599999999999989,-0.000000000000000092
0.375599999999999989,0.000000000000000000
0.373151739796915460,0.042815173554887058
0.365838876003540425,0.085072185845117096
0.353756742983005579,0.126220152091715526
0.337062849816474330,0.165722645626953963
0.315974826931391672,0.203064691036322437
0.290767588956039436,0.237759477650611784
0.261769750786928213,0.269354705867466682
0.229359343591070602,0.297438483568406631
0.193958886591594104,0.321644695762496768
0.156029878883508527,0.341657777455157075
0.116066783087230257,0.357216827520459634
0.074590579272142021,0.368119009946302977
0.032141973184652076,0.374222198112026894
-0.010725652678112350,0.375446827626267854
-0.053453453255445926,0.371776933570478307
-0.095484406323073548,0.363260358626055158
-0.136270574129700839,0.350008129371821464
-0.175280246603562867,0.332193008882779139
-0.212004873006358702,0.310047244499217722
-0.245965691669849024,0.283859540127459398
-0.276719971386377828,0.253971292542921501
-0.303866783087230197,0.220772140761052948
-0.327052226566188431,0.184694886496888588
-0.345974044109937651,0.146209851932812274
-0.360385560889605383,0.105818748349640501
-0.370098900744393500,0.064048135552813398
-0.374987435434656513,0.021442557360055986
-0.374987435434656513,-0.021442557360055986
-0.370098900744393611,-0.064048135552813426
-0.360385560889605494,-0.105818748349640529
-0.345974044109937651,-0.146209851932812274
-0.327052226566188153,-0.184694886496889032
-0.303866783087230197,-0.220772140761052948
-0.276719971386377495,-0.253971292542921889
-0.245965691669849024,-0.283859540127459398
-0.212004873006358702,-0.310047244499217722
-0.175280246603562867,-0.332193008882779139
-0.136270574129700867,-0.350008129371821575
-0.095484406323073548,-0.363260358626055158
-0.053453453255445926,-0.371776933570478307
-0.010725652678112183,-0.375446827626267854
0.032141973184652325,-0.374222198112026838
0.074590579272142341,-0.368119009946302866
0.116066783087230202,-0.357216827520459690
0.156029878883508694,-0.341657777455157019
0.193958886591594187,-0.321644695762496768
0.229359343591070824,-0.297438483568406298
0.235277677153178766,-0.347008612477276435
0.196380238763386755,-0.370412424633995374
0.155180421626259002,-0.389473489783189852
0.112161255928375891,-0.403968334363684234
0.067827102054746874,-0.413727019575534927
0.022697737424436239,-0.418635133757083666
-0.022697737424436475,-0.418635133757083777
-0.067827102054746610,-0.413727019575534871
-0.112161255928376197,-0.403968334363684123
-0.155180421626259196,-0.389473489783189741
-0.196380238763387477,-0.370412424633994875
-0.235277677153179099,-0.347008612477276213
-0.271416699894781233,-0.319536441612261579
-0.304373609988773108,-0.288317998124297370
-0.333762017797091304,-0.253719289719985919
-0.359237371108261705,-0.216145954621466518
-0.380500994697048900,-0.176038505829140712
-0.397303592018389884,-0.133867166509509722
-0.409448167981453781,-0.090126357058472106
-0.416792338536965457,-0.045328898474237295
-0.419250000000000012,0.000000000000000051
-0.416792338536965457,0.045328898474237295
-0.409448167981453781,0.090126357058472106
-0.397303592018389884,0.133867166509509722
-0.380500994697048900,0.176038505829140712
-0.359237371108261705,0.216145954621466518
-0.333762017797091304,0.253719289719985919
-0.304373609988772387,0.288317998124297981
-0.271416699894781233,0.319536441612261579
-0.235277677153179099,0.347008612477276213
-0.196380238763386977,0.370412424633995152
-0.155180421626259252,0.389473489783189852
-0.112161255928375572,0.403968334363684289
-0.067827102054746610,0.413727019575534871
-0.022697737424436280,0.418635133757083666
0.022697737424436239,0.418635133757083666
0.067827102054746666,0.413727019575534871
0.112161255928375891,0.403968334363684234
0.155180421626259085,0.389473489783189797
0.196380238763387033,0.370412424633995152
0.235277677153178849,0.347008612477276490
0.271416699894781288,0.319536441612261579
0.304373609988772609,0.288317998124297759
0.333762017797091137,0.253719289719986030
0.359237371108261927,0.216145954621466435
0.380500994697048844,0.176038505829141018
0.397303592018389939,0.133867166509509666
0.409448167981453837,0.090126357058471870
0.416792338536965401,0.045328898474237600
0.419250000000000012,-0.000000000000000103
0.419250000000000012,0.000000000000000000
0.416792338536965401,-0.045328898474237538
0.409448167981453892,-0.090126357058471579
0.397303592018389828,-0.133867166509509916
0.380500994697048622,-0.176038505829141129
0.359237371108261927,-0.216145954621466435
0.333762017797091026,-0.253719289719986252
0.304373609988772609,-0.288317998124297759
0.349651913820227200,-0.307300812172458249
0.316201739256690095,-0.341623638074188662
0.363806438920478703,-0.363806438920478759
0.326395344702195722,-0.397713878255128161
0.376356642555748633,-0.423278439805483686
0.414339348293342291,-0.386175950126167733
0.448680824940063894,-0.345679732311721943
0.479079278364353045,-0.302145668580389770
0.505267565864503831,-0.255956337849562399
0.527015543828333932,-0.207517653618494391
0.544132090243522271,-0.157255296785879850
0.556466784284726512,-0.105610974750808162
0.563911228217203075,-0.053038539672256066
0.566400000000000015,0.000000000000000000
0.566400000000000015,-0.000000000000000139
0.563911228217203075,0.053038539672256288
0.556466784284726290,0.105610974750808245
0.544132090243522160,0.157255296785880322
0.527015543828333821,0.207517653618494696
0.505267565864503720,0.255956337849562565
0.479079278364352712,0.302145668580390270
0.448680824940063672,0.345679732311722276
0.414339348293341958,0.386175950126167955
0.376356642555748577,0.423278439805483742
0.335066501111019044,0.456661143336302977
0.290831783206806582,0.486030692319681712
0.244041225134565581,0.511128986103136507
0.195106024001046097,0.531735459978458835
0.144456224113333587,0.547669023512301956
0.092536937734015390,0.558789651975419854
0.039804433418613699,0.564999616885023204
-0.013277873688886716,0.566244344846199787
-0.066243494364987623,0.562512897144870516
-0.118626964830744322,0.553838065877603980
-0.169967937264193181,0.540296085773490864
-0.219815225353562488,0.522005964240603970
-0.267730769338803187,0.499128435524617831
-0.313293485696512941,0.471864548170477460
-0.356102967637077106,0.440453898200557248
-0.395783003893935725,0.405172523536200369
-0.431984884881720266,0.366330478166541407
-0.464390467168628029,0.324269107382901101
-0.492714969332339159,0.279358048024094141
-0.516709474629397647,0.231991980094596928
-0.536163118484501822,0.182587158302477265
-0.550904941575974139,0.131577753998054159
-0.560805392232426536,0.079412039660459885
-0.565777464937506913,0.026548449462974192
-0.565777464937506913,-0.026548449462974192
-0.560805392232426425,-0.079412039660459871
-0.550904941575974250,-0.131577753998054159
-0.536163118484501933,-0.182587158302477293
-0.516709474629397647,-0.231991980094596928
-0.492714969332338548,-0.279358048024095196
-0.464390467168628029,-0.324269107382901101
-0.431984884881720266,-0.366330478166541407
-0.395783003893935725,-0.405172523536200369
-0.356102967637077161,-0.440453898200557359
-0.313293485696512941,-0.471864548170477460
-0.267730769338803187,-0.499128435524617831
-0.219815225353562432,-0.522005964240603859
-0.169967937264193153,-0.540296085773490753
-0.118626964830744336,-0.553838065877604091
-0.066243494364987138,-0.562512897144870738
-0.013277873688886716,-0.566244344846199787
0.039804433418614074,-0.564999616885023204
0.092536937734015751,-0.558789651975419743
0.144456224113333920,-0.547669023512301845
0.195106024001046680,-0.531735459978458613
0.244041225134565803,-0.511128986103136396
0.290831783206806360,-0.486030692319681823
0.335066501111019044,-0.456661143336302977
0.285840884888585112,-0.427791115529659760
0.242533621096975793,-0.453748490507228708
0.196890625951838844,-0.475336019477057059
0.149351466447420783,-0.492345802734221571
0.100373970677298044,-0.504614026767462143
0.050429818699558683,-0.512022541872845349
-0.000000000000000083,-0.514500000000000068
-0.050429818699558961,-0.512022541872845349
-0.100373970677297947,-0.504614026767462032
-0.149351466447420922,-0.492345802734221516
-0.196890625951838677,-0.475336019477057115
-0.242533621096975849,-0.453748490507228708
-0.285840884888585389,-0.427791115529659538
-0.326395344702196444,-0.397713878255127551
-0.363806438920478703,-0.363806438920478759
-0.397713878255128217,-0.326395344702195667
-0.427791115529659649,-0.285840884888585334
-0.453748490507228652,-0.242533621096975904
-0.475336019477057115,-0.196890625951838788
-0.492345802734221516,-0.149351466447420922
-0.504614026767462143,-0.100373970677297961
-0.512022541872845349,-0.050429818699559051
-0.514500000000000068,0.000000000000000063
-0.512022541872845349,0.050429818699559051
-0.504614026767462143,0.100373970677297961
-0.492345802734221516,0.149351466447420922
-0.475336019477057115,0.196890625951838788
-0.453748490507228652,0.242533621096975904
-0.427791115529659649,0.285840884888585334
-0.397713878255128217,0.326395344702195667
-0.363806438920478703,0.363806438920478759
-0.326395344702195611,0.397713878255128273
-0.285840884888585389,0.427791115529659538
-0.242533621096975849,0.453748490507228708
-0.196890625951838677,0.475336019477057115
-0.149351466447420922,0.492345802734221516
-0.100373970677297975,0.504614026767462143
-0.050429818699558961,0.512022541872845349
0.000000000000000032,0.514500000000000068
0.050429818699558912,0.512022541872845349
0.100373970677298044,0.504614026767462143
0.149351466447420894,0.492345802734221571
0.196890625951838760,0.475336019477057115
0.242533621096975793,0.453748490507228708
0.285840884888585389,0.427791115529659594
0.326395344702195722,0.397713878255128161
0.363806438920478759,0.363806438920478759
0.397713878255128217,0.326395344702195667
0.427791115529659649,0.285840884888585278
0.453748490507228708,0.242533621096975821
0.475336019477057115,0.196890625951838732
0.492345802734221516,0.149351466447420894
0.504614026767462143,0.100373970677298002
0.512022541872845349,0.050429818699558947
0.514500000000000068,0.000000000000000000
0.514500000000000068,-0.000000000000000126
0.512022541872845349,-0.050429818699558884
0.504614026767461921,-0.100373970677298252
0.492345802734221627,-0.149351466447421005
0.475336019477057226,-0.196890625951838510
0.453748490507228541,-0.242533621096975932
0.427791115529659649,-0.285840884888585278
0.397713878255128217,-0.326395344702195611
0.379395691114075673,-0.269720521214224462
0.405117779699537550,-0.229281125632523564
0.426545519038700749,-0.186411293080664564
0.443451769763974657,-0.141565454448459527
0.455657321411889193,-0.095218986781746340
0.463032792098591106,-0.047863174167441035
0.465500000000000025,-0.000000000000000114
0.465500000000000025,0.000000000000000000
0.463032792098591217,0.047863174167441278
0.455657321411889082,0.095218986781746492
0.443451769763974601,0.141565454448459610
0.426545519038700749,0.186411293080664564
0.405117779699537217,0.229281125632523952
0.379395691114075728,0.269720521214224407
0.349651913820227089,0.307300812172458471
0.316201739256689984,0.341623638074188773
0.279399747595265424,0.372325168426339448
0.239636049102826126,0.399079959369532777
0.197332148875440205,0.421604403463959443
0.152936478779493457,0.439659735998794376
0.106919643962350833,0.453054565957528133
0.059769434320719385,0.461646904810355252
0.011985653806397118,0.465345671627912849
-0.035925177619953903,0.464111658561789264
-0.083455193226397356,0.457957946457471898
-0.130100563023424071,0.446949766194130682
-0.175366834487178630,0.431203807221070934
-0.218774173879217493,0.410886980620542352
-0.259862452603505600,0.386214649808744093
-0.298196124684000530,0.357448347630037355
-0.333368843660350078,0.324893004043732947
-0.365007769961458950,0.288893713790665085
-0.392777523097693038,0.249832078303089899
-0.416383736777504454,0.208122160634570313
-0.435576179263349850,0.164206096288603526
-0.450151405890359735,0.118549406472291619
-0.459954915630396477,0.071636063455740320
-0.464882788841388617,0.023963360345595992
-0.464882788841388617,-0.023963360345595992
-0.459954915630396477,-0.071636063455740320
-0.450151405890359735,-0.118549406472291619
-0.435576179263349850,-0.164206096288603526
-0.416383736777504454,-0.208122160634570313
-0.392777523097693038,-0.249832078303089899
-0.365007769961458950,-0.288893713790665085
-0.333368843660350078,-0.324893004043732947
-0.298196124684000030,-0.357448347630037799
-0.259862452603505600,-0.386214649808744093
-0.218774173879217521,-0.410886980620542408
-0.175366834487178630,-0.431203807221070934
-0.130100563023424071,-0.446949766194130682
-0.083455193226397356,-0.457957946457471898
-0.035925177619953494,-0.464111658561789209
0.011985653806397220,-0.465345671627912738
0.059769434320719593,-0.461646904810355252
0.106919643962351027,-0.453054565957528022
0.152936478779493845,-0.439659735998794210
0.197332148875440011,-0.421604403463959554
0.239636049102826126,-0.399079959369532777
0.279399747595265535,-0.372325168426339392
0.271416699894781288,-0.319536441612261524
0.221748216915721857,-0.250301994188416144
0.189960851306898632,-0.275205804754838579
0.155403428731436005,-0.296096494978433433
0.118579874227023832,-0.312669431554002730
0.080027158137759472,-0.324682943747271746
0.040307465877379781,-0.331961847498389195
-0.000000000000000054,-0.334399999999999975
-0.040307465877379892,-0.331961847498389251
-0.080027158137759000,-0.324682943747271857
-0.118579874227024068,-0.312669431554002619
-0.155403428731436172,-0.296096494978433378
-0.189960851306898465,-0.275205804754838690
-0.221748216915721719,-0.250301994188416366
-0.250301994188416421,-0.221748216915721635
-0.275205804754838690,-0.189960851306898493
-0.296096494978433322,-0.155403428731436227
-0.312669431554002897,-0.118579874227023416
-0.324682943747271802,-0.080027158137759138
-0.331961847498389251,-0.040307465877379885
-0.334399999999999975,0.000000000000000041
-0.331961847498389195,0.040307465877379878
-0.324682943747271802,0.080027158137759138
-0.312669431554002619,0.118579874227024124
-0.296096494978433322,0.155403428731436227
-0.275205804754838690,0.189960851306898493
-0.250301994188416421,0.221748216915721635
-0.221748216915721719,0.250301994188416366
-0.189960851306898465,0.275205804754838690
-0.155403428731436172,0.296096494978433378
-0.118579874227024068,0.312669431554002619
-0.080027158137759583,0.324682943747271691
-0.040307465877380044,0.331961847498389251
0.000000000000000020,0.334399999999999975
0.040307465877380010,0.331961847498389251
0.080027158137759263,0.324682943747271746
0.118579874227023957,0.312669431554002675
0.155403428731436227,0.296096494978433378
0.189960851306898493,0.275205804754838690
0.221748216915721857,0.250301994188416144
0.250301994188416199,0.221748216915721830
0.275205804754838690,0.189960851306898465
0.296096494978433378,0.155403428731436172
0.312669431554002675,0.118579874227023901
0.324682943747271746,0.080027158137759333
0.331961847498389251,0.040307465877380030
0.334399999999999975,0.000000000000000000
0.334399999999999975,-0.000000000000000082
0.331961847498389251,-0.040307465877379919
0.324682943747271857,-0.080027158137759055
0.312669431554002675,-0.118579874227024026
0.296096494978433433,-0.155403428731436116
0.261769750786928157,-0.269354705867466737
0.200715296469768545,-0.163294005594366215
0.221081020926403887,-0.134442347071668439
0.237328424264536098,-0.103086281997714899
0.249154848101243026,-0.069809914536880083
0.256339988536900543,-0.035233120453653954
0.258749999999999980,-0.000000000000000063
0.258749999999999980,0.000000000000000000
0.256339988536900543,0.035233120453653802
0.249154848101243026,0.069809914536880041
0.237328424264535959,0.103086281997714982
0.221081020926403887,0.134442347071668439
0.200715296469768573,0.163294005594366159
0.176610625807826715,0.189103805756964616
0.149216033347221833,0.211390959816451868
0.119041828512935627,0.229740300261614572
0.086650099649242640,0.243810013598244779
0.052644243377368977,0.253338007687801015
0.017657724458108620,0.258146794028051962
-0.017657724458108644,0.258146794028051962
-0.052644243377368893,0.253338007687801015
-0.086650099649242876,0.243810013598244696
-0.119041828512935599,0.229740300261614572
-0.149216033347221722,0.211390959816451923
-0.176610625807826771,0.189103805756964560
-0.200715296469768628,0.163294005594366104
-0.221081020926403776,0.134442347071668605
-0.237328424264536014,0.103086281997714857
-0.249154848101242998,0.069809914536880138
-0.256339988536900598,0.035233120453653587
-0.258749999999999980,0.000000000000000032
-0.256339988536900598,-0.035233120453653587
-0.249154848101242998,-0.069809914536880138
-0.237328424264536014,-0.103086281997714857
-0.221081020926403887,-0.134442347071668661
-0.200715296469768628,-0.163294005594366104
-0.176610625807826771,-0.189103805756964560
-0.149216033347221722,-0.211390959816451923
-0.119041828512935599,-0.229740300261614572
-0.086650099649242876,-0.243810013598244696
-0.052644243377369344,-0.253338007687800959
-0.017657724458108703,-0.258146794028051962
0.017657724458108620,-0.258146794028051962
0.052644243377369039,-0.253338007687801015
0.086650099649242890,-0.243810013598244807
0.119041828512935516,-0.229740300261614766
0.149216033347221777,-0.211390959816451895
0.176610625807826715,-0.189103805756964616
0.143286756829191786,-0.172176959310391064
0.116690636269296433,-0.191204851944365567
0.087607457389794863,-0.206157545119491775
0.056657077655736618,-0.216716348140863213
0.024499150676644044,-0.222656218453747862
-0.008180933164915555,-0.223850558034933617
-0.040686654619393893,-0.220273911609800394
-0.072325210668804041,-0.212002509187304455
-0.102422280420239029,-0.199212641349684250
-0.130336397084981404,-0.182176901924766682
-0.155472619729421918,-0.161258378121791141
-0.177295213408152769,-0.136902911957918427
-0.195339067424212948,-0.109629597909683060
-0.209219608356090825,-0.080019719315453583
-0.218640996572527696,-0.048704359330268725
-0.223402431540635577,-0.016350950484043295
-0.223402431540635577,0.016350950484043295
-0.218640996572527696,0.048704359330268725
-0.209219608356090825,0.080019719315453583
-0.195339067424212948,0.109629597909683060
-0.177295213408152769,0.136902911957918427
-0.155472619729421918,0.161258378121791141
-0.130336397084981404,0.182176901924766682
-0.102422280420239029,0.199212641349684250
-0.072325210668804041,0.212002509187304455
-0.040686654619393893,0.220273911609800394
-0.008180933164915605,0.223850558034933617
0.024499150676643842,0.222656218453747889
0.056657077655736472,0.216716348140863269
0.087607457389794946,0.206157545119491720
0.116690636269296377,0.191204851944365595
0.143286756829191647,0.172176959310391203
0.166828968934607136,0.149479413713781650
0.186815511207332668,0.123595973932579886
0.202820405198464837,0.095078300548182573
0.214502534379482940,0.064534198257813216
0.221612914448824694,0.032614661572641090
0.224000000000000005,0.000000000000000000
0.224000000000000005,-0.000000000000000055
0.221612914448824666,-0.032614661572641104
0.214502534379483023,-0.064534198257812994
0.202820405198464865,-0.095078300548182532
0.186815511207332613,-0.123595973932579983
0.166828968934607247,-0.149479413713781512
0.154603147625052423,-0.112325761713091637
0.170271346772397081,-0.086757584500227428
0.181746900264003836,-0.059053147625052475
0.188747241887730788,-0.029894626269188165
0.191099999999999992,0.000000000000000000
0.191099999999999992,-0.000000000000000047
0.188747241887730816,0.029894626269188117
0.181746900264003836,0.059053147625052448
0.170271346772397109,0.086757584500227358
0.154603147625052451,0.112325761713091610
0.135128105884749244,0.135128105884749244
0.112325761713091596,0.154603147625052451
0.086757584500227386,0.170271346772397081
0.059053147625052455,0.181746900264003836
0.029894626269188127,0.188747241887730816
0.000000000000000012,0.191099999999999992
-0.029894626269188106,0.188747241887730816
-0.059053147625052434,0.181746900264003863
-0.086757584500227386,0.170271346772397109
-0.112325761713091596,0.154603147625052451
-0.135128105884749217,0.135128105884749244
-0.154603147625052423,0.112325761713091637
-0.170271346772397081,0.086757584500227400
-0.181746900264003836,0.059053147625052468
-0.188747241887730788,0.029894626269188138
-0.191099999999999992,0.000000000000000023
-0.188747241887730788,-0.029894626269188138
-0.181746900264003836,-0.059053147625052468
-0.170271346772397081,-0.086757584500227400
-0.154603147625052423,-0.112325761713091637
-0.135128105884749217,-0.135128105884749244
-0.112325761713091596,-0.154603147625052451
-0.086757584500227386,-0.170271346772397109
-0.059053147625052434,-0.181746900264003863
-0.029894626269188148,-0.188747241887730788
-0.000000000000000031,-0.191099999999999992
0.029894626269188086,-0.188747241887730816
0.059053147625052427,-0.181746900264003863
0.086757584500227358,-0.170271346772397109
0.112325761713091554,-0.154603147625052506
0.135128105884749217,-0.135128105884749244
0.105641888270073966,-0.120032501609910650
0.124407917115518463,-0.100452377567573192
0.096255911467990798,-0.087748857584964132
0.078493161388398111,-0.103941743853251223
0.058057420839894042,-0.116595018698996897
0.035644604456888780,-0.125277790023259672
0.012017953820095116,-0.129694376462428235
-0.012017953820095188,-0.129694376462428235
-0.035644604456888884,-0.125277790023259644
-0.058057420839894049,-0.116595018698996897
-0.078493161388398180,-0.103941743853251181
-0.096255911467990840,-0.087748857584964091
-0.110740781928782284,-0.068567789214775535
-0.121454507879917337,-0.047051727020876719
-0.128032246233828195,-0.023933374695608405
-0.130250000000000005,0.000000000000000016
-0.128032246233828195,0.023933374695608405
-0.121454507879917337,0.047051727020876719
-0.110740781928782173,0.068567789214775729
-0.096255911467990840,0.087748857584964091
-0.078493161388398180,0.103941743853251181
-0.058057420839894049,0.116595018698996897
-0.035644604456888884,0.125277790023259644
-0.012017953820095130,0.129694376462428235
0.012017953820095089,0.129694376462428235
0.035644604456888815,0.125277790023259672
0.058057420839894118,0.116595018698996869
0.078493161388398167,0.103941743853251195
0.096255911467990854,0.087748857584964077
0.110740781928782256,0.068567789214775590
0.121454507879917351,0.047051727020876663
0.128032246233828223,0.023933374695608269
0.130250000000000005,0.000000000000000000
0.130250000000000005,-0.000000000000000032
0.128032246233828195,-0.023933374695608359
0.121454507879917351,-0.047051727020876684
0.110740781928782284,-0.068567789214775535
0.139594956694473998,-0.077982421515800107
0.150766103529227341,-0.053269053179255031
0.157599984064598547,-0.027023231169463761
0.159899999999999987,0.000000000000000000
0.159899999999999987,-0.000000000000000039
0.157599984064598575,0.027023231169463664
0.150766103529227341,0.053269053179255003
0.139594956694473971,0.077982421515800163
0.124407917115518463,0.100452377567573192
0.105641888270074008,0.120032501609910622
0.083836734640801297,0.136159509123556483
0.059619750797071346,0.148369455464711836
0.033687615272316652,0.156311082707735000
0.006786348391064139,0.159755924696128537
-0.020310149377525875,0.158604879597894405
-0.046822361127120321,0.152891060884806224
-0.071987578796346027,0.142778844718115944
-0.095081844891055436,0.128559141145673794
-0.115440779423328393,0.110641025149509686
-0.132478692914090312,0.089539968303401579
-0.145705435613062900,0.065863009594214386
-0.154740498214666428,0.040291292015481546
-0.159323958417949968,0.013560467323634039
-0.159323958417949996,-0.013560467323633757
-0.154740498214666428,-0.040291292015481546
-0.145705435613062900,-0.065863009594214386
-0.132478692914090312,-0.089539968303401579
-0.115440779423328643,-0.110641025149509437
-0.095081844891055436,-0.128559141145673794
-0.071987578796345833,-0.142778844718116055
-0.046822361127120321,-0.152891060884806224
-0.020310149377525840,-0.158604879597894405
0.006786348391064103,-0.159755924696128565
0.033687615272316680,-0.156311082707735000
0.059619750797071318,-0.148369455464711836
0.083836734640801366,-0.136159509123556455
0.035425135790171647,-0.095650717479002209
0.053954329053350160,-0.086561714264464587
0.070274625745720035,-0.073928864297370236
0.083717871003142222,-0.058269357939668746
0.058637361185102245,-0.046761735139405035
0.046761735139405007,-0.058637361185102252
0.032541280433816849,-0.067572665092681450
0.016689070046723618,-0.073119593413636774
-0.000000000000000012,-0.075000000000000011
-0.016689070046723514,-0.073119593413636802
-0.032541280433816835,-0.067572665092681478
-0.046761735139405076,-0.058637361185102210
-0.058637361185102217,-0.046761735139405049
-0.067572665092681450,-0.032541280433816835
-0.073119593413636788,-0.016689070046723525
-0.075000000000000011,0.000000000000000009
-0.073119593413636788,0.016689070046723625
-0.067572665092681450,0.032541280433816835
-0.058637361185102217,0.046761735139405049
-0.046761735139405070,0.058637361185102203
-0.032541280433816828,0.067572665092681464
-0.016689070046723643,0.073119593413636760
0.000000000000000005,0.075000000000000011
0.016689070046723591,0.073119593413636802
0.032541280433816849,0.067572665092681450
0.046761735139405028,0.058637361185102245
0.058637361185102245,0.046761735139405021
0.067572665092681450,0.032541280433816877
0.073119593413636802,0.016689070046723591
0.075000000000000011,-0.000000000000000018
0.075000000000000011,0.000000000000000000
0.073119593413636788,-0.016689070046723535
0.099912054007754436,-0.020532449049043340
0.093733696785263554,-0.040224297221558424
0.101999999999999993,-0.000000000000000025
0.101999999999999993,0.000000000000000000
0.099912054007754436,0.020532449049043323
0.093733696785263512,0.040224297221558486
0.083717871003142180,0.058269357939668823
0.070274625745720035,0.073928864297370236
0.053954329053350160,0.086561714264464587
0.035425135790171647,0.095650717479002209
0.015445633305466777,0.100823769081467368
-0.005166215221548689,0.101869083731447374
-0.025566558290389573,0.098743866124352805
-0.044920203458878663,0.091576063036215655
-0.062434810219861650,0.080659125167645229
-0.077393328514664642,0.066439993237666695
-0.089183354846747387,0.049500800178170226
-0.097322204152805014,0.030535038543282388
-0.101476670985973294,0.010319168842718046
-0.101476670985973294,-0.010319168842718046
-0.097322204152804959,-0.030535038543282558
-0.089183354846747387,-0.049500800178170226
-0.077393328514664642,-0.066439993237666695
-0.062434810219861650,-0.080659125167645229
-0.044920203458878663,-0.091576063036215655
-0.025566558290389573,-0.098743866124352805
-0.005166215221548689,-0.101869083731447374
0.015445633305466912,-0.100823769081467340
-0.009369065729286230,-0.049114362536434440
0.003139525976465688,-0.049901336421413582
0.015450849718747365,-0.047552825814757685
0.026791339748949840,-0.042216396275100751
0.036448431371070601,-0.034227355296434413
0.043815334002193181,-0.024087683705085766
0.048429158056431561,-0.012434494358242724
0.067572665092681436,-0.032541280433816877
-0.021288964578253636,-0.045241352623300979
-0.031871199487434491,-0.038525662138789468
-0.040450849718747371,-0.029389262614623664
-0.046488824294412576,-0.018406227634233888
-0.049605735065723904,-0.006266661678215206
-0.049605735065723904,0.006266661678215206
-0.046488824294412576,0.018406227634233888
-0.040450849718747371,0.029389262614623664
-0.031871199487434491,0.038525662138789468
-0.021288964578253640,0.045241352623300979
-0.009369065729286230,0.049114362536434440
0.003139525976465665,0.049901336421413582
0.015450849718747373,0.047552825814757678
0.026791339748949830,0.042216396275100758
0.036448431371070587,0.034227355296434440
0.043815334002193181,0.024087683705085766
0.048429158056431554,0.012434494358242740
0.050000000000000003,0.000000000000000000
0.050000000000000003,-0.000000000000000012
0.502682709454873478,-0.365220366511928241
0.467920955401343985,-0.408810227362640166
0.429391776947988246,-0.449108588639149764
0.387405388384924387,-0.485790991631510016
0.397030608980476207,-0.551440790595501995
0.442965367699585555,-0.515268796861182876
0.485620565816191785,-0.475281933231594123
0.524680399167182010,-0.431776248454875722
0.559855682412258027,-0.385073843399814486
0.590885990061022048,-0.335520486333704626
0.617541584572192215,-0.283483052975069316
0.639625117249979391,-0.229346810274200091
0.656973089344786154,-0.173512564031448685
0.669457062540743220,-0.116393691471314176
0.676984609868065856,-0.058413080742094427
0.679499999999999993,0.000000000000000000
0.679499999999999993,-0.000000000000000166
0.676984609868065967,0.058413080742094878
0.669457062540743220,0.116393691471314023
0.656973089344785932,0.173512564031449101
0.639625117249979613,0.229346810274199953
0.617541584572192215,0.283483052975069316
0.590885990061022159,0.335520486333704460
0.559855682412258027,0.385073843399814486
0.524680399167182121,0.431776248454875555
0.485620565816191785,0.475281933231594123
0.442965367699585111,0.515268796861183209
0.397030608980476374,0.551440790595501773
0.348156374541263913,0.583530109648408013
0.296704512114145391,0.611299175928699312
0.243055953287108745,0.634542396985177670
0.187607893219730038,0.653087688141228195
0.130770849949178980,0.666797746549558590
0.072965625058298803,0.675571067734440200
0.014620188207912868,0.679342697095335679
-0.043833491400810540,0.678084710808034119
-0.101962643175191589,0.671806422562875261
-0.159336899213092908,0.660554314609447246
-0.215531480596297453,0.644411693618270665
-0.270130342304996995,0.623498073907357786
-0.322729253469560162,0.597968292600017715
-0.372938790154466515,0.568011363264963931
-0.420387218516871275,0.533849076525986121
-0.464723246993922201,0.495734358001768849
-0.505618627142589316,0.453949395733096228
-0.542770583876284962,0.408803550961334861
-0.575904057105678935,0.360631067726033150
-0.604773738187362575,0.309788598238997959
-0.629165886103220884,0.256652562356094127
-0.648899909924145923,0.201616360696336400
-0.663829705842094886,0.145087462041341764
-0.673844738871567595,0.087484386579028406
-0.678870861211965382,0.029233607326577937
-0.678870861211965382,-0.029233607326577937
-0.673844738871567595,-0.087484386579028406
-0.663829705842094886,-0.145087462041341764
-0.648899909924146034,-0.201616360696336427
-0.629165886103220884,-0.256652562356094127
-0.604773738187363130,-0.309788598238996959
-0.575904057105679046,-0.360631067726033205
-0.542770583876285073,-0.408803550961334972
-0.505618627142589316,-0.453949395733096228
-0.464723246993922201,-0.495734358001768849
-0.420387218516871330,-0.533849076525986233
-0.372938790154466515,-0.568011363264963931
-0.322729253469560162,-0.597968292600017715
-0.270130342304997051,-0.623498073907357897
-0.215531480596297453,-0.644411693618270665
-0.159336899213092908,-0.660554314609447246
-0.101962643175191436,-0.671806422562875372
-0.043833491400810387,-0.678084710808034119
0.014620188207912868,-0.679342697095335679
0.072965625058298803,-0.675571067734440200
0.130770849949178980,-0.666797746549558590
0.187607893219730038,-0.653087688141228195
0.243055953287109300,-0.634542396985177448
0.296704512114145391,-0.611299175928699312
0.348156374541264468,-0.583530109648407791
0.342299839425263819,-0.518562091199731401
0.294438293427598086,-0.547158033719183923
0.244206103418165843,-0.571348581474843686
0.192007709454873471,-0.590938966399993659
0.138263382313756261,-0.605771458234175997
0.083405839715800151,-0.615726634474506374
0.027876762338292900,-0.620724341895445786
-0.027876762338292546,-0.620724341895445786
-0.083405839715800317,-0.615726634474506151
-0.138263382313755373,-0.605771458234176219
-0.192007709454873526,-0.590938966399993659
-0.244206103418165038,-0.571348581474844130
-0.294438293427597864,-0.547158033719184034
-0.342299839425263597,-0.518562091199731623
-0.387405388384924498,-0.485790991631510016
-0.429391776947988191,-0.449108588639149986
-0.467920955401343763,-0.408810227362640277
-0.502682709454873478,-0.365220366511928241
-0.533397157904519692,-0.318689966016159343
-0.559817006071168133,-0.269593661300694509
-0.581729536872000463,-0.218326746942942573
-0.598958323493368527,-0.165301993992853086
-0.611364649875758448,-0.110946326583133220
-0.618848627573941767,-0.055697384587148201
-0.621349999999999958,0.000000000000000076
-0.618848627573941878,0.055697384587148208
-0.611364649875758448,0.110946326583133220
-0.598958323493368527,0.165301993992853086
-0.581729536872000574,0.218326746942942601
-0.559817006071168133,0.269593661300694509
-0.533397157904519692,0.318689966016159343
-0.502682709454873478,0.365220366511928241
-0.467920955401343763,0.408810227362640277
-0.429391776947988024,0.449108588639149819
-0.387405388384924443,0.485790991631509961
-0.342299839425264485,0.518562091199730957
-0.294438293427597864,0.547158033719184034
-0.244206103418165898,0.571348581474843686
-0.192007709454873526,0.590938966399993659
-0.138263382313756428,0.605771458234175886
-0.083405839715800317,0.615726634474506151
-0.027876762338292546,0.620724341895445786
0.027876762338292484,0.620724341895445786
0.083405839715800151,0.615726634474506374
0.138263382313755845,0.605771458234176108
0.192007709454873582,0.590938966399993659
0.244206103418165454,0.571348581474843797
0.294438293427597586,0.547158033719184145
0.342299839425263819,0.518562091199731401
0.387405388384924110,0.485790991631510294
0.429391776947988302,0.449108588639149764
0.467920955401343486,0.408810227362640499
0.502682709454873700,0.365220366511928241
0.533397157904519470,0.318689966016159842
0.559817006071168133,0.269593661300694842
0.581729536872000796,0.218326746942942296
0.598958323493368416,0.165301993992853613
0.611364649875758448,0.110946326583132901
0.618848627573941878,0.055697384587148416
0.621349999999999958,-0.000000000000000152
0.621349999999999958,0.000000000000000000
0.618848627573941767,-0.055697384587147993
0.611364649875758448,-0.110946326583133026
0.598958323493368527,-0.165301993992853169
0.581729536872000463,-0.218326746942942435
0.559817006071168244,-0.269593661300694398
0.533397157904519581,-0.318689966016159343
0.620340360392533263,-0.405288585168718907
0.651690049644008007,-0.352677018240471929
0.678588035051397420,-0.297656309667850782
0.700850576100170208,-0.240602306680670730
0.718325597061043819,-0.181904745971332243
0.730893725821417206,-0.121964591398024347
0.738469109317942185,-0.061191294994998605
0.740999999999999992,0.000000000000000000
0.740999999999999992,-0.000000000000000181
0.738469109317942185,0.061191294994998251
0.730893725821417206,0.121964591398023833
0.718325597061043930,0.181904745971332132
0.700850576100170208,0.240602306680670397
0.678588035051397531,0.297656309667850394
0.651690049644008451,0.352677018240471485
0.620340360392533596,0.405288585168718185
0.584753117462727623,0.455131620103043866
0.545171417808790415,0.501865644574673975
0.501865644574674086,0.545171417808790637
0.455131620103043921,0.584753117462727623
0.405288585168718352,0.620340360392533596
0.352677018240471596,0.651690049644008451
0.297656309667850449,0.678588035051397531
0.240602306680670480,0.700850576100170208
0.181904745971332271,0.718325597061043930
0.121964591398024041,0.730893725821417206
0.061191294994998292,0.738469109317942185
0.000000000000000045,0.740999999999999992
-0.061191294994998369,0.738469109317942185
-0.121964591398023611,0.730893725821417206
-0.181904745971332493,0.718325597061043819
-0.240602306680670119,0.700850576100170319
-0.297656309667850338,0.678588035051397531
-0.352677018240470874,0.651690049644008673
-0.405288585168718185,0.620340360392533707
-0.455131620103044088,0.584753117462727512
-0.501865644574673975,0.545171417808790637
-0.545171417808790526,0.501865644574674086
-0.584753117462727401,0.455131620103044254
-0.620340360392533596,0.405288585168718185
-0.651690049644008118,0.352677018240471873
-0.678588035051397531,0.297656309667850671
-0.700850576100169986,0.240602306680671174
-0.718325597061043819,0.181904745971332771
-0.730893725821417317,0.121964591398023584
-0.738469109317942185,0.061191294994998827
-0.740999999999999992,0.000000000000000091
-0.738469109317942296,-0.061191294994997522
-0.730893725821417428,-0.121964591398023611
-0.718325597061043819,-0.181904745971332771
-0.700850576100170208,-0.240602306680670230
-0.678588035051397420,-0.297656309667850616
-0.651690049644008673,-0.352677018240470985
-0.620340360392533596,-0.405288585168718241
-0.584753117462728289,-0.455131620103043255
-0.545171417808790526,-0.501865644574674086
-0.501865644574674752,-0.545171417808790082
-0.455131620103044088,-0.584753117462727512
-0.405288585168719184,-0.620340360392532930
-0.352677018240472040,-0.651690049644008007
-0.297656309667850394,-0.678588035051397642
-0.240602306680670147,-0.700850576100170430
-0.181904745971332465,-0.718325597061043708
-0.121964591398024264,-0.730893725821417206
-0.061191294994998528,-0.738469109317942185
-0.000000000000000119,-0.740999999999999992
0.061191294994997647,-0.738469109317942407
0.121964591398023195,-0.730893725821417317
0.181904745971331938,-0.718325597061044041
0.240602306680669731,-0.700850576100170541
0.297656309667850449,-0.678588035051397531
0.352677018240471152,-0.651690049644008562
0.355885671562025385,-0.723174521659085134
0.297304323166350526,-0.749163626604093968
0.236843321116364247,-0.770416277893043233
0.174884919333692129,-0.786798109421755099
0.111820838783189269,-0.798205549976836681
0.048049790886875582,-0.804566478046238043
-0.016025043258046021,-0.805840677794672833
-0.079998561919897335,-0.802020093321076599
-0.143466303916105209,-0.793128879590607072
-0.206027005747021541,-0.779223249719178335
-0.267285138512966147,-0.760391119576040775
-0.326853408575273230,-0.736751551951351891
-0.384355206151376361,-0.708454003802881371
-0.439426986363110228,-0.675677381341002969
-0.491720567684483134,-0.638628908926028527
-0.540905333257383436,-0.597542818929086450
-0.586670321157812591,-0.552678870839648728
-0.628726190397280726,-0.504320708982411769
-0.666807050229704212,-0.452774069226541231
-0.700672141198303344,-0.398364846025079045
-0.730107357294411896,-0.341437032005273533
-0.754926599604594850,-0.282350543136442034
-0.774972952887900912,-0.221478943225326574
-0.790119677644536611,-0.159207082125430499
-0.800271011403790533,-0.095928662592335678
-0.805362774165205297,-0.032043751168121908
-0.805362774165205297,0.032043751168121908
-0.800271011403790533,0.095928662592335678
-0.790119677644536833,0.159207082125429444
-0.774972952887900912,0.221478943225326574
-0.754926599604594850,0.282350543136442034
-0.730107357294411674,0.341437032005273422
-0.700672141198303788,0.398364846025078045
-0.666807050229704212,0.452774069226541231
-0.628726190397280726,0.504320708982411769
-0.586670321157812591,0.552678870839648728
-0.540905333257383436,0.597542818929086450
-0.491720567684483190,0.638628908926028527
-0.439426986363110172,0.675677381341002858
-0.384355206151376361,0.708454003802881371
-0.326853408575273230,0.736751551951351891
-0.267285138512967479,0.760391119576040331
-0.206027005747022901,0.779223249719177891
-0.143466303916105209,0.793128879590607072
-0.079998561919897862,0.802020093321076599
-0.016025043258046559,0.805840677794672833
0.048049790886874687,0.804566478046238043
0.111820838783188908,0.798205549976836681
0.174884919333692102,0.786798109421754988
0.236843321116364247,0.770416277893043233
0.297304323166350137,0.749163626604094079
0.355885671562024775,0.723174521659085023
0.412216996157358184,0.692613274547206892
0.465942152181227587,0.657673103312523821
0.516721471899329376,0.618574910967289893
0.564233912102956925,0.575565888871980347
0.608179083847533497,0.528917953911922867
0.648279151608236459,0.478926029351198768
0.684280589845639331,0.425906180232811460
0.715955785875800332,0.370193615113720287
0.743104478910934674,0.312140566768416672
0.765555026172592967,0.252114065259915088
0.783165488072570581,0.190493617457521386
0.795824525600684618,0.127668807672215279
0.803452104245844900,0.064036834579201798
0.806000000000000050,-0.000000000000000197
0.806000000000000050,0.000000000000000000
0.803452104245844900,-0.064036834579201479
0.795824525600684840,-0.127668807672215195
0.783165488072570581,-0.190493617457520664
0.765555026172592967,-0.252114065259914755
0.743104478910934674,-0.312140566768416561
0.715955785875800332,-0.370193615113720287
0.684280589845639664,-0.425906180232811071
0.648279151608236681,-0.478926029351198490
0.608179083847533497,-0.528917953911922756
0.564233912102956814,-0.575565888871980458
0.516721471899329710,-0.618574910967289671
0.465942152181227864,-0.657673103312523710
0.412216996157358739,-0.692613274547206448
0.405288585168718019,-0.620340360392533818
0.455131620103043755,-0.584753117462727734
0.501865644574673753,-0.545171417808790859
0.545171417808790304,-0.501865644574674419
0.584753117462727179,-0.455131620103044587
0.630204211842928852,-0.606510736817933660
0.674783011131262489,-0.556489452180925714
0.715401915394609844,-0.503202466160216355
0.751822556751355786,-0.446962487978414924
0.783831204395987413,-0.388099556190335870
0.811240018856447143,-0.326959101885528569
0.833888154310845175,-0.263899921561284223
0.851642702494699755,-0.199292071562128331
0.864399472659482027,-0.133514696442038311
0.872083603005358698,-0.066953803993440503
0.874650000000000039,-0.000000000000000214
0.874650000000000039,0.000000000000000000
0.872083603005358476,0.066953803993440919
0.864399472659482027,0.133514696442038616
0.851642702494699533,0.199292071562129247
0.833888154310845175,0.263899921561285056
0.811240018856447143,0.326959101885528403
0.783831204395987302,0.388099556190336370
0.751822556751355342,0.446962487978415202
0.715401915394609733,0.503202466160216688
0.674783011131262267,0.556489452180925603
0.630204211842928408,0.606510736817934104
0.581927123649811695,0.652972775282903206
0.530235055701969937,0.695602909859302510
0.475431357608567862,0.734150969966310130
0.417837639261750660,0.768390740259255800
0.357791883501912378,0.798121288151214525
0.295646462699996948,0.823168142965323701
0.231766070896310128,0.843384319798089810
0.166525583630877022,0.858651182085249043
0.100307858024710844,0.868879137808299951
0.033501486021989352,0.874008165256091041
-0.033501486021989442,0.874008165256091041
-0.100307858024711122,0.868879137808299951
-0.166525583630877688,0.858651182085249043
-0.231766070896310239,0.843384319798089810
-0.295646462699996782,0.823168142965323590
-0.357791883501911989,0.798121288151214858
-0.417837639261751270,0.768390740259255578
-0.475431357608568306,0.734150969966309908
-0.530235055701970048,0.695602909859302398
-0.581927123649811695,0.652972775282903317
-0.630204211842928852,0.606510736817933660
-0.674783011131262600,0.556489452180925603
-0.715401915394609733,0.503202466160216688
-0.751822556751355342,0.446962487978415479
-0.783831204395987746,0.388099556190335537
-0.811240018856447143,0.326959101885528125
-0.833888154310845175,0.263899921561284945
-0.851642702494699422,0.199292071562129469
-0.864399472659482249,0.133514696442037867
-0.872083603005358476,0.066953803993440780
-0.874650000000000039,0.000000000000000107
-0.872083603005358476,-0.066953803993440780
-0.864399472659481916,-0.133514696442039366
-0.851642702494699533,-0.199292071562129497
-0.833888154310845175,-0.263899921561284945
-0.811240018856447254,-0.326959101885528125
-0.783831204395986969,-0.388099556190337203
-0.751822556751355342,-0.446962487978415479
-0.715401915394609733,-0.503202466160216688
-0.674783011131262378,-0.556489452180925492
-0.630204211842927742,-0.606510736817934770
-0.581927123649811695,-0.652972775282903317
-0.530235055701970048,-0.695602909859302398
-0.475431357608568250,-0.734150969966309797
-0.417837639261749882,-0.768390740259256466
-0.357791883501911934,-0.798121288151214747
-0.295646462699996782,-0.823168142965323590
-0.231766070896310239,-0.843384319798089810
-0.166525583630876162,-0.858651182085249376
-0.100307858024710567,-0.868879137808300173
-0.033501486021989636,-0.874008165256091041
0.033501486021990129,-0.874008165256091152
0.100307858024711802,-0.868879137808299729
0.166525583630877383,-0.858651182085249043
0.231766070896310517,-0.843384319798089699
0.295646462699996670,-0.823168142965323479
0.292669995372512537,-0.900745626583139947
0.225348423224864230,-0.919900265327751265
0.156796076133989715,-0.934030727818407680
0.087387363247693542,-0.943059838369027070
0.017501370886791733,-0.946938283108821777
-0.052480207892915354,-0.945644879317556586
-0.122175157975756121,-0.939186691118224171
-0.191202829712604216,-0.927598990895253550
-0.259186217897270310,-0.910945066648976565
-0.325754020838192770,-0.889315876338520050
-0.390542668279534044,-0.862829551100970260
-0.453198307095829089,-0.831630750060070034
-0.513378733915056396,-0.795889870248248310
-0.570755264114793937,-0.755802115957114662
-0.625014526983637908,-0.711586432599314755
-0.675860177243370885,-0.663484310904605690
-0.723014513584099183,-0.611758467981235565
-0.766219995372512619,-0.556691412446201350
-0.805240649249517659,-0.498583901461143120
-0.839863357934890309,-0.437753298101031030
-0.869899024199963788,-0.374531838027090724
-0.895183603651112381,-0.309264814930842125
-0.915579000683347299,-0.242308694659689738
-0.930973822710623233,-0.174029168324074612
-0.941283988553513584,-0.104799155019440690
-0.946453187661457029,-0.034996765071458727
-0.946453187661457029,0.034996765071458727
-0.941283988553513695,0.104799155019440690
-0.930973822710623233,0.174029168324074612
-0.915579000683347521,0.242308694659689794
-0.895183603651112048,0.309264814930843401
-0.869899024199963788,0.374531838027090724
-0.839863357934890309,0.437753298101031030
-0.805240649249517770,0.498583901461143175
-0.766219995372512619,0.556691412446201350
-0.723014513584099183,0.611758467981235565
-0.675860177243370885,0.663484310904605690
-0.625014526983638019,0.711586432599314866
-0.570755264114793937,0.755802115957114662
-0.513378733915056396,0.795889870248248310
-0.453198307095827646,0.831630750060070922
-0.390542668279534100,0.862829551100970260
-0.325754020838192770,0.889315876338520050
-0.259186217897270310,0.910945066648976565
-0.191202829712604189,0.927598990895253439
-0.122175157975755330,0.939186691118224393
-0.052480207892915354,0.945644879317556586
0.017501370886791944,0.946938283108821777
0.087387363247693320,0.943059838369026848
0.156796076133989548,0.934030727818407680
0.225348423224864230,0.919900265327751265
0.292669995372512703,0.900745626583139725
0.358393105495072084,0.876671427579111873
0.422158796755959465,0.847809153242379598
0.483618803061636904,0.814316439306753348
0.542437451170246332,0.776376211361428981
0.598293494022453909,0.734195685774850837
0.650881865281488614,0.688005237950765958
0.699915345499686148,0.638057144097654239
0.745126130811512133,0.584624203383562802
0.786267295585407977,0.527998248001646853
0.823114141045965919,0.468488549283930522
0.855465422500718553,0.406420128568537986
0.883144448468865306,0.342131982045852434
0.906000045708867496,0.275975229278879408
0.923907384874271376,0.208311195509950170
0.936768662288312126,0.139509438227547161
0.944513634113679723,0.069945728771453136
0.947099999999999942,-0.000000000000000232
0.947099999999999942,0.000000000000000000
0.944513634113679723,-0.069945728771453192
0.936768662288312126,-0.139509438227546995
0.923907384874271598,-0.208311195509949754
0.906000045708867496,-0.275975229278879630
0.883144448468865306,-0.342131982045852601
0.855465422500718220,-0.406420128568538652
0.823114141045965919,-0.468488549283930189
0.786267295585407755,-0.527998248001647186
0.745126130811511800,-0.584624203383563024
0.699915345499685815,-0.638057144097654683
0.650881865281488836,-0.688005237950765736
0.598293494022454464,-0.734195685774850615
0.542437451170246332,-0.776376211361429314
0.483618803061636904,-0.814316439306753348
0.422158796755959631,-0.847809153242379376
0.358393105495072417,-0.876671427579111651
0.417837639261750771,-0.768390740259255578
0.475431357608568361,-0.734150969966310130
0.357791883501913155,-0.798121288151214303
0.530235055701971048,-0.695602909859301843
0.581927123649812139,-0.652972775282902762
-0.014392394604217457,0.004225988352621457
-0.012618802992467723,0.008109612261833954
-0.009822911009179274,0.011336243615313874
0.002134722574099280,0.014847321628213990
-0.006231225195028285,0.013644479930317779
-0.002134722574099278,0.014847321628213990
0.006231225195028296,0.013644479930317775
0.009822911009179274,0.011336243615313874
0.000000000000000000,0.000000000000000000
0.012618802992467718,0.008109612261833963
0.014392394604217460,0.004225988352621444
0.014392394604217460,-0.004225988352621447
0.014999999999999999,0.000000000000000000
0.014999999999999999,-0.000000000000000004
0.009822911009179265,-0.011336243615313884
0.012618802992467711,-0.008109612261833973
0.006231225195028303,-0.013644479930317773
0.002134722574099270,-0.014847321628213991
-0.002134722574099278,-0.014847321628213990
-0.006231225195028285,-0.013644479930317779
-0.009822911009179274,-0.011336243615313874
-0.012618802992467723,-0.008109612261833954
-0.014392394604217467,-0.004225988352621426
-0.014999999999999999,0.000000000000000002
0.250881865281488869,-0.288005237950765658
0.198293494022454303,-0.334195685774850593
0.142437451170246282,-0.376376211361429236
0.083618803061636909,-0.414316439306753270
0.022158796755959585,-0.447809153242379354
-0.041606894504927494,-0.476671427579111628
-0.107330004627487527,-0.500745626583139924
-0.174651576775135403,-0.519900265327751576
-0.243203923866010419,-0.534030727818407547
-0.312612636752306328,-0.543059838369027048
-0.382498629113208533,-0.546938283108821532
-0.452480207892915265,-0.545644879317556342
-0.522175157975756421,-0.539186691118224037
-0.591202829712604627,-0.527598990895252973
-0.659186217897269833,-0.510945066648976765
-0.725754020838193181,-0.489315876338520139
-0.790542668279533789,-0.462829551100970293
-0.853198307095829112,-0.431630750060069679
-0.875431357608568050,-0.334150969966309830
-0.930235055701970182,-0.295602909859301877
-0.891720567684482601,-0.238628908926029171
-0.940905333257383458,-0.197542818929086345
-0.901865644574674330,-0.145171417808790587
-0.945171417808790659,-0.101865644574673189
-0.905618627142589561,-0.053949395733095346
-0.942770583876285095,-0.008803550961334596
-0.975904057105678957,0.039368932273965852
-0.933397157904519714,0.081310033983840263
-0.959817006071168155,0.130406338699304486
-0.916709474629397669,0.168008019905402789
-0.892714969332338737,0.120641951975904965
-0.875336019477057525,0.203109374048160568
-0.936163118484501955,0.217412841697522563
-0.892345802734221594,0.250648533552579433
-0.904614026767461943,0.299626029322702492
-0.859954915630396388,0.328363936544259327
-0.912022541872845260,0.349570181300441152
-0.864882788841389027,0.376036639654402871
-0.864882788841388805,0.423963360345595619
-0.816792338536965534,0.445328898474237178
-0.819250000000000367,0.399999999999999412
-0.816792338536965534,0.354671101525761867
-0.809448167981453803,0.309873642941527971
-0.797303592018389962,0.266132833490490439
-0.780500994697049033,0.223961494170858921
-0.760385560889605294,0.294181251650359132
-0.770098900744393466,0.335951864447186221
-0.774987435434656535,0.378557442639944508
-0.774987435434656979,0.421442557360055037
-0.770098900744393133,0.464048135552814045
-0.760385560889604739,0.505818748349641689
-0.745974044109937950,0.546209851932811907
-0.780500994697049033,0.576038505829140512
-0.727052226566187842,0.584694886496889388
-0.759237371108261838,0.616145954621466263
-0.703866783087229941,0.620772140761053470
-0.676719971386377961,0.653971292542921634
-0.645965691669849407,0.683859540127459087
-0.612004873006357863,0.710047244499218522
-0.575280246603563139,0.732193008882779162
-0.596380238763386972,0.770412424633995174
-0.536270574129700917,0.750008129371821375
-0.555180421626258469,0.789473489783190319
-0.512161255928375136,0.803968334363684756
-0.467827102054746535,0.813727019575534838
-0.495484406323073778,0.763260358626055124
-0.453453453255445837,0.771776933570478496
-0.410725652678111564,0.775446827626268265
-0.377302262575564318,0.818635133757083300
-0.340230565679280617,0.861646904810355108
-0.349570181300441207,0.912022541872845260
-0.299626029322702159,0.904614026767462054
-0.250648533552579267,0.892345802734221594
-0.204893975998953315,0.931735459978458969
-0.155958774865434496,0.911128986103136529
-0.105561706572402547,0.947158033719184278
-0.057700160574736127,0.918562091199731423
-0.002969391019523612,0.951440790595501906
0.042965367699585193,0.915268796861183231
0.101865644574673966,0.945171417808790437
0.145171417808790476,0.901865644574673997
0.208179083847533530,0.928917953911922889
0.248279151608236381,0.878926029351198901
0.315401915394609600,0.903202466160216599
0.351822556751355375,0.846962487978415113
0.455465422500718475,0.806420128568538064
0.423114141045965786,0.868488549283930489
0.558968043537255821,0.757676587819677172
0.582041058494437880,0.688353271927203192
0.680400371926734415,0.627048533006874020
0.662161733907335015,0.701045596252401038
0.778143364043994978,0.558444868200579481
0.786095376963273362,0.479399743364513242
0.877899999999999792,0.400000000000000078
0.877899999999999792,0.399999999999999745
0.875220021649171565,0.317281765099308277
0.788749999999999951,0.399999999999999800
0.788749999999999840,0.400000000000000022
0.701369468620577585,0.476166223422374635
0.613082245765134481,0.545659236972707351
0.523907384874271354,0.608311195509950164
0.433888154310845153,0.663899921561285078
0.343104478910934541,0.712140566768416527
0.278588035051397565,0.697656309667850305
0.217541584572192248,0.683483052975069283
0.159817006071168083,0.669593661300694865
0.105267565864503684,0.655956337849562643
0.053748490507228630,0.642533621096975871
0.005117779699537193,0.629281125632524030
-0.040762628891738407,0.616145954621466374
-0.084025173068608350,0.603064691036322542
-0.124794195245161332,0.589960851306898459
-0.163182274738018801,0.576741661760154400
-0.199284703530231422,0.563294005594366154
-0.233171031065392526,0.549479413713781839
-0.264871894115250972,0.535128105884749128
-0.294358111729926042,0.520032501609910658
-0.321506838611601897,0.503941743853251078
-0.346045670946649675,0.486561714264464762
-0.367458719566183256,0.467572665092681361
-0.384549150281252361,0.447552825814757915
-0.373208660251050095,0.442216396275100787
-0.363551568628929289,0.434227355296434581
-0.356184665997807071,0.424087683705085650
-0.351570841943568080,0.412434494358243087
-0.349999999999999645,0.400000000000000355
-0.349999999999999645,0.400000000000000355
-0.351570841943568746,0.387565505641757124
-0.356184665997806682,0.375912316294914506
-0.363551568628929345,0.365772644703565741
-0.373208660251050373,0.357783603724899257
-0.384549150281252361,0.352447174185242518
-0.396860474023534193,0.350098663578586711
-0.409369065729286108,0.350885637463565714
-0.421288964578253988,0.354758647376698655
-0.431871199487434521,0.361474337861210526
-0.440450849718747151,0.370610737385376698
-0.446488824294412501,0.381593772365766359
-0.449605735065724210,0.393733338321784587
-0.449605735065723600,0.406266661678215513
-0.446488824294412390,0.418406227634234074
-0.440450849718747317,0.429389262614623735
-0.431871199487434798,0.438525662138789185
-0.421288964578253544,0.445241352623301168
-0.409369065729286330,0.449114362536434331
-0.396860474023534082,0.449901336421413889
-0.383310929953276425,0.473119593413636630
-0.400000000000000744,0.474999999999999423
-0.416689070046724230,0.473119593413636408
-0.432541280433816733,0.467572665092681639
-0.446761735139405369,0.458637361185101844
-0.458637361185102732,0.446761735139404648
-0.467572665092681583,0.432541280433816788
-0.473119593413636519,0.416689070046724064
-0.475000000000000255,0.399999999999999800
-0.473119593413636796,0.383310929953276369
-0.467572665092681305,0.367458719566183312
-0.458637361185102288,0.353238264860594786
-0.446761735139405203,0.341362638814897590
-0.432541280433816844,0.332427334907318628
-0.416689070046723453,0.326880406586363415
-0.399999999999999967,0.325000000000000011
-0.383310929953276203,0.326880406586363415
-0.367458719566183145,0.332427334907318683
-0.353238264860594897,0.341362638814897812
-0.341362638814897867,0.353238264860594842
-0.332427334907318572,0.367458719566183201
-0.326880406586363470,0.383310929953276314
-0.324999999999999956,0.400000000000000022
-0.324999999999999956,0.400000000000000022
-0.326880406586363359,0.416689070046723509
-0.332427334907318517,0.432541280433816844
-0.341362638814897645,0.446761735139405092
-0.353238264860594953,0.458637361185102232
-0.329725374254279668,0.473928864297370522
-0.303744088532009182,0.487748857584964057
-0.275592082884481615,0.500452377567573214
-0.245396852374947683,0.512325761713091632
-0.213184488792666965,0.523595973932579950
-0.178918979073595691,0.534442347071668711
-0.142525322931538467,0.545007036617163654
-0.103903505021566311,0.555403428731436333
-0.062937150183525747,0.565722645626953846
-0.019499005302951431,0.576038505829140957
0.026545519038700751,0.586411293080664642
0.075336019477057106,0.596890625951838727
0.127015543828333966,0.607517653618494746
0.181729536872000663,0.618326746942942318
0.239625117249979452,0.629346810274200030
0.300850576100170242,0.640602306680670308
0.365555026172592890,0.652114065259915221
0.451642702494699511,0.599292071562129269
0.383165488072570615,0.590493617457521380
0.318325597061043797,0.581904745971332238
0.256973089344786021,0.573512564031449124
0.198958323493368394,0.565301993992853635
0.144132090243522304,0.557255296785880372
0.092345802734221508,0.549351466447420944
0.043451769763974565,0.541565454448459604
-0.002696407981610117,0.533867166509509494
-0.046243257016994541,0.526220152091715576
-0.087330568445997320,0.518579874227023896
-0.126096098204250329,0.510891399941855173
-0.162671575735463730,0.503086281997715101
-0.197179594801535074,0.495078300548182582
-0.229728653227602747,0.486757584500227547
-0.260405043305526163,0.477982421515800060
-0.289259218071217683,0.468567789214775710
-0.316282128996857814,0.458269357939668720
-0.306266303214736579,0.440224297221558536
-0.300087945992245586,0.420532449049043411
-0.298000000000000376,0.399999999999999911
-0.298000000000000376,0.399999999999999911
-0.300087945992245309,0.379467550950956911
-0.306266303214736635,0.359775702778441564
-0.316282128996857537,0.341730642060331435
-0.329725374254280168,0.326071135702629744
-0.346045670946649730,0.313438285735535505
-0.364574864209828375,0.304349282520997855
-0.384554366694533523,0.299176230918532127
-0.405166215221548776,0.298130916268552593
-0.412017953820095040,0.270305623537572037
-0.420310149377525588,0.241395120402106061
-0.429894626269188340,0.211252758112268763
-0.440686654619393992,0.179726088390199379
-0.452644243377369360,0.146661992312198702
-0.465754935984090623,0.111908801950271086
-0.480027158137759036,0.075317056252728110
-0.495484406323073667,0.036739641373945003
-0.512161255928376025,-0.003968334363684672
-0.536270574129700806,0.049991870628178108
-0.518579874227024007,0.087330568445997209
-0.502055373581496323,0.122682581284295641
-0.486650099649242884,0.156189986401754771
-0.472325210668804063,0.187997490812694984
-0.459053147625052560,0.218253099735996048
-0.446822361127120260,0.247108939115194132
-0.435644604456889073,0.274722209976740128
-0.425566558290389807,0.301256133875646981
-0.444920203458879004,0.308423936963784007
-0.458057420839894092,0.283404981301003056
-0.471987578796346063,0.257221155281883718
-0.486757584500227602,0.229728653227602608
-0.502422280420238843,0.200787358650315856
-0.519041828512935677,0.170259699738384729
-0.536680064766167031,0.138009904966778285
-0.555403428731436222,0.103903505021566270
-0.575280246603563028,0.067806991117221882
-0.596380238763387194,0.029587575366005030
-0.618774173879217404,-0.010886980620542641
-0.635277677153179066,0.052991387522723810
-0.612004873006358530,0.089952755500781842
-0.589960851306898570,0.124794195245161485
-0.569060473066101302,0.157639098766599400
-0.549216033347221910,0.188609040183548182
-0.530336397084981148,0.217823098075233784
-0.512325761713091632,0.245396852374947766
-0.495081844891055667,0.271440858854325895
-0.478493161388397981,0.296058256146749244
-0.462434810219861547,0.319340874832354904
-0.477393328514664206,0.333560006762334160
-0.496255911467990807,0.312251142415035821
-0.515440779423328554,0.289358974850490169
-0.535128105884749128,0.264871894115250806
-0.555472619729421857,0.238741621878209270
-0.576610625807826738,0.210896194243035573
-0.598664913072219140,0.181247851864243914
-0.621748216915721796,0.149698005811584017
-0.645965691669849296,0.116140459872540056
-0.671416699894781144,0.080463558387738512
-0.676719971386377739,0.146028707457077744
-0.650301994188416277,0.178251783084277887
-0.625007280698079204,0.208448509186548725
-0.600715296469768623,0.236705994405633668
-0.577295213408152930,0.263097088042081650
-0.554603147625052362,0.287674238286908579
-0.532478692914090113,0.310460031696598804
-0.510740781928782583,0.331432210785223891
-0.489183354846747798,0.350499199821829199
-0.497322204152805203,0.369464961456717145
-0.501476670985973261,0.389680831157282082
-0.501476670985973039,0.410319168842718518
-0.497322204152805258,0.430535038543282289
-0.489183354846747576,0.449500800178170012
-0.477393328514664761,0.466439993237666661
-0.462434810219861769,0.480659125167645085
-0.444920203458878949,0.491576063036215427
-0.425566558290390029,0.498743866124352508
-0.405166215221548387,0.501869083731447563
-0.384554366694532967,0.500823769081467751
-0.364355395543111416,0.525277790023259583
-0.340380249202928475,0.548369455464712052
-0.313242415499772553,0.570271346772397214
-0.283309363730703312,0.591204851944365783
-0.250783966652777968,0.611390959816452084
-0.215758763550744304,0.631031203069302826
-0.178251783084277915,0.650301994188416277
-0.138230249213072087,0.669354705867466704
-0.095626390011227622,0.688317998124297614
-0.050348086179773009,0.707300812172458437
-0.002286121744871841,0.726395344702195689
0.048680824940063615,0.745679732311722243
0.102682709454873525,0.765220366511928152
0.159855682412258060,0.785073843399814564
0.220340360392533630,0.805288585168718263
0.284280589845639364,0.825906180232811482
0.184753117462727656,0.855131620103043888
0.124680399167182057,0.831776248454875633
0.067920955401343630,0.808810227362640632
0.014339348293341854,0.786175950126167922
-0.036193561079521319,0.763806438920478836
-0.083798260743310038,0.741623638074188740
-0.128583300105218540,0.719536441612261490
-0.170640656408929253,0.697438483568406764
-0.210039148693100974,0.675205804754838823
-0.246814996064239900,0.652694686468079932
-0.280958171487064146,0.629740300261614760
-0.312392542610205048,0.606157545119491714
-0.340946852374947929,0.581746900264003663
-0.366312384727683127,0.556311082707735105
-0.387982046179904949,0.529694376462428340
-0.412017953820094707,0.529694376462428562
-0.435644604456888740,0.525277790023259694
-0.458057420839894258,0.516595018698996822
-0.478493161388398647,0.503941743853250745
-0.496255911467990529,0.487748857584964612
-0.510740781928781584,0.468567789214776376
-0.521454507879917428,0.447051727020876533
-0.528032246233828606,0.423933374695607823
-0.530250000000000332,0.399999999999999467
-0.528032246233828495,0.376066625304391278
-0.521454507879916984,0.352948272979123845
-0.545705435613063394,0.334136990405784762
-0.554740498214666422,0.359708707984518650
-0.559323958417949685,0.386439532676366715
-0.559323958417949685,0.413560467323634495
-0.554740498214666644,0.440291292015481284
-0.545705435613062839,0.465863009594214672
-0.532478692914090002,0.489539968303401907
-0.515440779423328110,0.510641025149509931
-0.495081844891055611,0.528559141145673483
-0.471987578796346230,0.542778844718115883
-0.446822361127120760,0.552891060884805885
-0.420310149377525699,0.558604879597894621
-0.400000000000000522,0.591099999999999737
-0.375500849323356145,0.622656218453747856
-0.347355756622631628,0.653338007687800593
-0.315922098150530628,0.683286350572332890
-0.281420125772975926,0.712669431554002752
-0.243970121116491745,0.741657777455156930
-0.203619761236612490,0.770412424633995285
-0.160363950897174035,0.799079959369532800
-0.114159115111414688,0.827791115529659671
-0.064933498888980895,0.856661143336302833
-0.012594611615076079,0.885790991631510427
-0.109168216793193523,0.886030692319681901
-0.157466378903024590,0.853748490507228563
-0.202667851124559456,0.821604403463959687
-0.244819578373741659,0.789473489783189653
-0.283933216912770070,0.757216827520459490
-0.319972841862240842,0.724682943747271713
-0.352838231017636172,0.691712216998970231
-0.382342275541891152,0.658146794028052207
-0.408180933164915161,0.623850558034933833
-0.429894626269187952,0.588747241887730977
-0.459053147625052227,0.581746900264003997
-0.486757584500227047,0.570271346772397547
-0.512325761713091854,0.554603147625052251
-0.535128105884749239,0.535128105884749350
-0.554603147625052806,0.512325761713091299
-0.570271346772397436,0.486757584500227103
-0.581746900264004219,0.459053147625052060
-0.588747241887731088,0.429894626269187785
-0.591100000000000625,0.399999999999999301
-0.588747241887730643,0.370105373730812148
-0.581746900264004330,0.340946852374946985
-0.570271346772397103,0.313242415499772886
-0.595339067424212942,0.290370402090316837
-0.621081020926403937,0.265557652928331722
-0.647655034995538892,0.238794436692282452
-0.675205804754838934,0.210039148693101280
-0.696096494978433622,0.244596571268562962
-0.666236300465164910,0.271787355090761573
-0.637328424264536064,0.296913718002284943
-0.609219608356090792,0.319980280684546425
-0.618640996572527690,0.351295640669731124
-0.623402431540635460,0.383649049515956631
-0.623402431540635460,0.416350950484043247
-0.618640996572527690,0.448704359330268809
-0.609219608356091014,0.480019719315453230
-0.595339067424212720,0.509629597909683540
-0.577295213408152486,0.536902911957918616
-0.555472619729422523,0.561258378121790358
-0.530336397084981925,0.582176901924766232
-0.502422280420238954,0.599212641349684327
-0.472325210668804563,0.612002509187304145
-0.452644243377368471,0.653338007687801592
-0.417657724458108670,0.658146794028052096
-0.390528758827575595,0.695348176887303548
-0.359692534122620811,0.731961847498388996
-0.325409420727858723,0.768119009946302778
-0.287838744071623465,0.803968334363684534
-0.247063521220506538,0.839659735998794399
-0.203109374048161928,0.875336019477056970
-0.293080356037648870,0.853054565957528266
-0.332172897945252843,0.813727019575534949
-0.367858026815347405,0.774222198112027082
-0.400000000000000522,0.734399999999999609
-0.428374804155719602,0.694134527876488328
-0.465754935984091234,0.688091198049728847
-0.502055373581496100,0.677317418715704278
-0.536680064766167142,0.661990095033221260
-0.569060473066101302,0.642360901233400394
-0.598664913072219584,0.618752148135755187
-0.625007280698080092,0.591551490813450598
-0.647655034995539447,0.561205563307716870
-0.666236300465164910,0.528212644909238138
-0.680445973241652236,0.493114478425980440
-0.690050730890860109,0.456487374781255228
-0.797303592018390184,0.533867166509509716
-0.734399999999999609,0.400000000000000688
-0.731961847498389662,0.359692534122619201
-0.724682943747271491,0.319972841862241009
-0.712669431554002863,0.281420125772975760
-0.727052226566188065,0.215305113503111739
-0.745974044109937728,0.253790148067187971
-0.759237371108261838,0.183854045378534003
-0.733762017797091382,0.146280710280013243
-0.733368843660350045,0.075106995956267450
-0.726395344702195911,0.002286121744872621
-0.698196124684000274,0.042551652369963069
-0.704373609988772631,0.111682001875702791
-0.703866783087230274,0.179227859238946574
-0.680445973241652569,0.306885521574020215
-0.690050730890859887,0.343512625218744316
-0.694892863557724838,0.381067249995698687
-0.694892863557724283,0.418932750004300913
-0.656339988536900565,0.435233120453653977
-0.649154848101242909,0.469809914536880258
-0.637328424264535953,0.503086281997714990
-0.621081020926404159,0.534442347071668267
-0.600715296469768845,0.563294005594366154
-0.576610625807827515,0.589103805756963972
-0.549216033347222243,0.611390959816451751
-0.519041828512935344,0.629740300261614983
-0.486650099649242274,0.643810013598245190
-0.440686654619393936,0.620273911609800166
-0.370105373730812093,0.588747241887730755
-0.343342922344263224,0.616716348140863402
-0.313349900350756938,0.643810013598245079
-0.280386522107333114,0.670208930101172329
-0.244596571268564295,0.696096494978433289
-0.206041113408405557,0.721644695762497013
-0.164722322846821506,0.747008612477276235
-0.120600252404734737,0.772325168426339470
-0.073604655297804411,0.797713878255128295
-0.023643357444251410,0.823278439805483653
0.029391776947988040,0.849108588639149842
0.085620565816191832,0.875281933231594311
0.383831204395987335,0.788099556190336226
0.483144448468865284,0.742131982045852512
0.411240018856447342,0.726959101885528369
0.506000045708867585,0.675975229278879319
0.600109817321481387,0.617560573857471762
0.693490410162269644,0.551969480104233634
0.704000000000000070,0.400000000000000022
0.703999999999999959,0.399999999999999689
0.620892239303594384,0.473015654004414310
0.536768662288312215,0.539509438227547267
0.544513634113679701,0.469945728771453353
0.464399472659481949,0.533514696442038638
0.395824525600684707,0.527668807672215356
0.330893725821417128,0.521964591398023758
0.269457062540743197,0.516393691471314087
0.211364649875758454,0.510946326583132993
0.156466784284726268,0.505610974750808295
0.104614026767462134,0.500373970677298052
0.055657321411889067,0.495218986781746529
0.009448167981453830,0.490126357058471740
-0.034161123996459555,0.485072185845117021
-0.075317056252728304,0.480027158137759369
-0.114164367971967134,0.474954929545259308
-0.150845151898756774,0.469809914536880036
-0.185497465620517499,0.464534198257813058
-0.218253099735995770,0.459053147625052727
-0.249233896470772931,0.453269053179254866
-0.278545492120083116,0.447051727020876477
-0.271967753766171993,0.423933374695608101
-0.269750000000000101,0.400000000000000078
-0.269750000000000045,0.399999999999999967
-0.271967753766171660,0.376066625304391777
-0.278545492120082450,0.352948272979123567
-0.289259218071217516,0.331432210785224446
-0.303744088532009571,0.312251142415035654
-0.321506838611601786,0.296058256146748910
-0.341942579160106064,0.283404981301003112
-0.364355395543110971,0.274722209976740572
-0.387982046179905116,0.270305623537571593
-0.393213651608935899,0.240244075303871429
-0.399999999999999967,0.208900000000000252
-0.408180933164915494,0.176149441965066739
-0.417657724458108892,0.141853205971947588
-0.428374804155719713,0.105865472123512161
-0.440307465877379955,0.068038152501610619
-0.453453453255446060,0.028223066429521253
-0.467827102054746757,-0.013727019575534344
-0.483455193226397684,-0.057957946457471356
-0.500373970677298274,-0.104614026767462065
-0.530100563023423899,-0.046949766194130854
-0.549351466447421055,-0.092345802734221286
-0.569967937264192925,-0.140296085773490953
-0.596890625951838616,-0.075336019477056856
-0.575366834487178513,-0.031203807221070978
-0.555180421626259135,0.010526510216810477
-0.642533621096975982,-0.053748490507228672
-0.659862452603505512,0.013785350191256198
-0.685840884888585300,-0.027791115529659880
-0.667730769338803154,-0.099128435524617614
-0.644206103418165088,-0.171348581474843636
-0.615531480596297809,-0.244411693618270198
-0.581904745971332460,-0.318325597061043464
-0.640602306680670641,-0.300850576100170020
-0.670130342304996796,-0.223498073907357875
-0.694438293427597997,-0.147158033719183845
-0.713293485696512963,-0.071864548170477049
-0.756102967637077295,-0.040453898200557302
-0.763806438920478836,0.036193561079521624
-0.765007769961458806,0.111106286209334562
-0.792777523097692893,0.150167921696910428
-0.816383736777504532,0.191877839365428793
-0.835576179263349816,0.235793903711396247
-0.850151405890359424,0.281450593527708293
-0.853748490507228563,0.157466378903024923
-0.864390467168627774,0.075730892617097909
-0.867920955401343508,-0.008810227362640637
-0.864723246993922778,-0.095734358001768730
-0.855131620103043999,-0.184753117462727934
-0.839426986363109862,-0.275677381341002836
-0.817837639261750571,-0.368390740259255667
-0.757791883501911623,-0.398121288151215114
-0.695646462699997192,-0.423168142965322902
-0.631766070896310206,-0.443384319798089621
-0.566525583630877128,-0.458651182085249021
-0.500307858024710450,-0.468879137808300206
-0.433501486021989790,-0.474008165256090908
-0.366498513978009643,-0.474008165256091296
-0.299692141975287929,-0.468879137808299873
-0.233474416369122334,-0.458651182085249298
-0.168233929103689867,-0.443384319798089510
-0.104353537300003268,-0.423168142965323624
-0.042208116498086944,-0.398121288151214336
0.017837639261750766,-0.368390740259255722
0.075431357608568242,-0.334150969966309941
0.130235055701970998,-0.295602909859301766
0.181927123649812117,-0.252972775282902740
0.116721471899329646,-0.218574910967289648
0.065942152181227828,-0.257673103312523744
0.012216996157358757,-0.292613274547206537
-0.044114328437974713,-0.323174521659084890
-0.102695676833649704,-0.349163626604093891
-0.163156678883636275,-0.370416277893042989
-0.225115080666308143,-0.386798109421754910
-0.288179161216810920,-0.398205549976836437
-0.351950209113124579,-0.404566478046238021
-0.416025043258046123,-0.405840677794672755
-0.479998561919897315,-0.402020093321076855
-0.543466303916105176,-0.393128879590607327
-0.606027005747022174,-0.379223249719178090
-0.667285138512966114,-0.360391119576040919
-0.697656309667850749,-0.278588035051397231
-0.722729253469560740,-0.197968292600016971
-0.742299839425264119,-0.118562091199730782
-0.787405388384924132,-0.085790991631511063
-0.795783003893935748,-0.005172523536200018
-0.797713878255128295,0.073604655297804744
-0.827791115529659449,0.114159115111415382
-0.831984884881720066,0.033669521833458026
-0.829391776947988268,-0.049108588639149513
-0.820387218516870909,-0.133849076525986876
-0.805288585168718929,-0.220340360392532714
-0.784355206151375883,-0.308454003802881127
-0.726853408575273030,-0.336751551951351535
-0.752677018240471951,-0.251690049644008096
-0.772938790154466759,-0.168011363264963437
-0.902682709454873500,0.034779633488072073
-0.809448167981453470,0.490126357058472240
-0.712669431554002752,0.518579874227023896
-0.696096494978433067,0.555403428731436333
-0.675205804754838157,0.589960851306899348
-0.650301994188416721,0.621748216915721352
-0.621748216915721574,0.650301994188416610
-0.589960851306899348,0.675205804754837935
-0.555403428731436333,0.696096494978433400
-0.518579874227024118,0.712669431554002530
-0.480027158137759702,0.724682943747271602
-0.440307465877380622,0.731961847498389107
-0.422697737424435893,0.818635133757083855
-0.435925177619954807,0.864111658561788731
-0.388014346193602755,0.865345671627912871
-0.724682943747271602,0.480027158137759424
-0.731961847498388996,0.440307465877380344
-0.658749999999999947,0.400000000000000244
-0.656339988536900454,0.364766879546346456
-0.649154848101243132,0.330190085463120231
-0.393213651608936121,0.559755924696128337
-0.341942579160105731,0.516595018698997044
-0.316163265359199086,0.536159509123556366
-0.287674238286908746,0.554603147625052251
-0.256713243170808514,0.572176959310391253
-0.223389374192173140,0.589103805756964749
-0.187727767046121541,0.605574193703330210
-0.149698005811584045,0.621748216915721907
-0.109232411043960642,0.637759477650611695
-0.066237982202908927,0.653719289719985941
-0.020604308885924339,0.669720521214224429
0.027791115529659540,0.685840884888585300
0.079079278364352662,0.702145668580390292
0.133397157904519503,0.718689966016159754
0.190885990061022082,0.735520486333704704
0.251690049644008429,0.752677018240471507
0.315955785875800255,0.770193615113720309
0.472083603005358621,0.466953803993440941
0.547099999999999809,0.400000000000000022
0.547099999999999920,0.399999999999999745
0.620892239303594384,0.326984345995585013
0.623499999999999721,0.399999999999999800
0.623499999999999832,0.400000000000000078
0.701369468620577585,0.323833776577625909
0.693490410162269977,0.248030519895766854
0.680400371926734748,0.172951466993126579
0.662161733907334904,0.098954403747598341
0.638861411520063371,0.026391959863627246
0.610610441412004490,-0.044390071568923932
0.577543452321143902,-0.113054381936320392
0.539818023509123779,-0.179273754530104773
0.497613933824300525,-0.242732623883729931
0.451132304973657527,-0.303128579585717650
0.400594643086287672,-0.360173807402978052
0.346241783135808778,-0.413596460846708036
0.367490108540526994,-0.507791548645640245
0.426409998398231183,-0.454501654209888140
0.481638940589010245,-0.397395347953001354
0.532930269250008526,-0.336727680501490878
0.580054904856268094,-0.272769608385494133
0.622802377345490821,-0.205806783881141403
0.660981766128434511,-0.136138279218140007
0.694422552786604919,-0.064075250850603893
0.722975382648913700,0.010060450243213337
0.746512731845890065,0.085937716025508412
0.764929476862242552,0.163217660207815057
0.778143364043994645,0.241555131799420092
0.786095376963273473,0.320600256635486969
0.867191327357248576,0.234910479222410984
0.947305193099469034,0.142987788914220093
0.928508663804030077,0.058896950764685645
0.904469117750432372,-0.023847709484678129
0.875281428044325294,-0.104919636462304081
0.841060785162392244,-0.183998876310652870
0.801942242348162915,-0.260773339397912640
0.758080182618563803,-0.334940031993191223
0.709647709484677480,-0.406206252044356286
0.656835963791272515,-0.474290744339302461
0.599853369371208367,-0.538924810491788531
0.538924810491788975,-0.599853369371207812
0.474290744339302961,-0.656835963791272071
0.406206252044355676,-0.709647709484677924
0.450973066042427595,-0.553348441478953568
0.510898499120392424,-0.496265772134703076
0.387478356191425344,-0.606432436147628429
0.567003307333432294,-0.435423852667736033
0.619052167618101223,-0.371077875232358634
0.666826768966105821,-0.303497729219745715
0.710126728096544757,-0.232966869248035308
0.748770429933026338,-0.159781126255154560
0.782595789360411742,-0.084247466681059813
0.811460931066118052,-0.006682704943809735
0.835244784614485591,0.072587825390208485
0.853847592258259458,0.153231636168318558
0.938004369694774409,-0.208805639492349510
0.898400427287856851,-0.289243302773926125
0.853966350012212660,-0.367116935699537350
0.804867435553746402,-0.442136843239944399
0.751286335099071612,-0.514023946411770627
0.693422373861098174,-0.582510820469657631
0.631490809576146228,-0.647342689743879984
0.565722031731036523,-0.708278375422564110
0.496360704499059446,-0.765091192752717086
0.423664856573183368,-0.817569794322393850
0.347904921282373270,-0.865518956286947971
0.323723790544431067,-0.323723790544431400
0.373509689351582796,-0.270249961192999655
0.419353960086082445,-0.213360691674363612
0.461022990852713366,-0.153345876665804709
0.498304445822086162,-0.090511337907977593
0.531008347245349399,-0.025177265807430682
0.558968043537256265,0.042323412180323379
0.582041058494437769,0.111646728072796658
0.600109817321481609,0.182439426142528754
0.613082245765134481,0.254340763027292527
0.544513634113679812,0.330054271228546747
0.474650000000000016,0.399999999999999745
0.474650000000000072,0.399999999999999967
0.406000000000000028,0.400000000000000078
0.406000000000000028,0.399999999999999800
0.340999999999999914,0.400000000000000078
0.340999999999999970,0.399999999999999967
0.279499999999999971,0.400000000000000022
0.279499999999999915,0.399999999999999967
0.221349999999999880,0.399999999999999911
0.221349999999999936,0.400000000000000022
0.166399999999999881,0.400000000000000022
0.166399999999999854,0.399999999999999911
0.114500000000000032,0.399999999999999856
0.114500000000000060,0.399999999999999967
0.065500000000000003,0.399999999999999856
0.065500000000000017,0.399999999999999967
0.019249999999999996,0.399999999999999967
0.019250000000000000,0.400000000000000078
-0.024400000000000061,0.399999999999999967
-0.024400000000000057,0.399999999999999911
-0.065599999999999992,0.399999999999999967
-0.065599999999999992,0.399999999999999967
-0.104500000000000412,0.399999999999999967
-0.104500000000000384,0.399999999999999856
-0.141249999999999959,0.399999999999999967
-0.141249999999999959,0.399999999999999967
-0.176000000000000295,0.399999999999999967
-0.176000000000000240,0.399999999999999856
-0.208900000000000141,0.399999999999999911
-0.208900000000000169,0.399999999999999967
-0.240099999999999925,0.400000000000000133
-0.240099999999999925,0.400000000000000133
-0.242400015935401503,0.372976768830536265
-0.249233896470772542,0.346730946820745067
-0.260405043305525941,0.322017578484200151
-0.275592082884481560,0.299547622432426830
-0.294358111729925875,0.279967498390089553
-0.316163265359198808,0.263840490876443401
-0.340380249202928920,0.251630544535287992
-0.366312384727683238,0.243688917292265189
-0.370105373730811926,0.211252758112269345
-0.375500849323356034,0.177343781546252188
-0.382342275541891374,0.141853205971947782
-0.390528758827576039,0.104651823112696829
-0.400000000000000022,0.065599999999999908
-0.410725652678112119,0.024553172373732453
-0.422697737424436615,-0.018635133757083384
-0.435925177619953474,-0.064111658561789409
-0.450429818699558782,-0.112022541872845466
-0.413277873688886577,-0.166244344846200098
-0.400000000000000022,-0.114500000000000185
-0.388014346193602699,-0.065345671627912744
-0.377302262575563652,-0.018635133757083953
-0.367858026815347738,0.025777801887973215
-0.359692534122620255,0.068038152501610827
-0.352838231017636506,0.108287783001029883
-0.347355756622630907,0.146661992312198702
-0.343342922344263335,0.183283651859136892
-0.340946852374947817,0.218253099735995798
-0.313242415499772719,0.229728653227602858
-0.287674238286908523,0.245396852374947266
-0.264871894115250750,0.264871894115250806
-0.245396852374947239,0.287674238286908579
-0.229728653227602608,0.313242415499772775
-0.218253099735996325,0.340946852374947429
-0.211252758112269207,0.370105373730811815
-0.178387085551175328,0.367385338427358987
-0.185497465620517304,0.335465801742186931
-0.197179594801535130,0.304921699451817518
-0.213184488792667409,0.276404026067420094
-0.233171031065392581,0.250520586286218594
-0.256713243170808236,0.227823040689608874
-0.283309363730703534,0.208795148055634400
-0.312392542610205048,0.193842454880508469
-0.313349900350757160,0.156189986401755243
-0.315922098150530073,0.116713649427666405
-0.319972841862240676,0.075317056252728137
-0.325409420727857723,0.031880990053696844
-0.332172897945253176,-0.013727019575534793
-0.340230565679280395,-0.061646904810355271
-0.349570181300441207,-0.112022541872845660
-0.360195566581386017,-0.164999616885023209
-0.316594160284199955,-0.215726634474506213
-0.372123237661707185,-0.220724341895445847
-0.427876762338292582,-0.220724341895445653
-0.466243494364987132,-0.162512897144870910
-0.518626964830744108,-0.153838065877603986
-0.483405839715800312,-0.215726634474506240
-0.443833491400810798,-0.278084710808033320
-0.501962643175191348,-0.271806422562875349
-0.538263382313755590,-0.205771458234175780
-0.592007709454873132,-0.190938966399993526
-0.619815225353562371,-0.122005964240603518
-0.559336899213093597,-0.260554314609446558
-0.521964591398024425,-0.330893725821417073
-0.461191294994998391,-0.338469109317942551
-0.400000000000000189,-0.340999999999999970
-0.338808705005002153,-0.338469109317942551
-0.385379811792087190,-0.279342697095335490
-0.327034374941701289,-0.275571067734440123
-0.278035408601976897,-0.330893725821417184
-0.218095254028668278,-0.318325597061043797
-0.269229150050820876,-0.266797746549558845
-0.212392106780270096,-0.253087688141228229
-0.261736617686243844,-0.205771458234175753
-0.307463062265984410,-0.158789651975419527
-0.299626029322701992,-0.104614026767462093
-0.293080356037649037,-0.053054565957528034
-0.287838744071624186,-0.003968334363684285
-0.283933216912769792,0.042783172479540554
-0.281420125772976093,0.087330568445997486
-0.280386522107332392,0.129791069898827660
-0.280958171487064534,0.170259699738385201
-0.250783966652778079,0.188609040183548182
-0.223389374192173223,0.210896194243035490
-0.199284703530231422,0.236705994405633724
-0.178918979073595996,0.265557652928331611
-0.162671575735464202,0.296913718002284943
-0.150845151898757190,0.330190085463119842
-0.114164367971966857,0.325045070454740515
-0.106926050915230803,0.362212298722228654
-0.068038152501610591,0.359692534122620200
-0.026848260203084486,0.357184826445113235
0.016792338536965247,0.354671101525762478
0.063032792098591181,0.352136825832559008
0.112022541872845272,0.349570181300441152
0.163911228217203053,0.346961460327744109
0.218848627573941634,0.344302615412852064
0.276984609868065945,0.341586919257905575
0.338469109317942274,0.338808705005001487
0.403452104245844823,0.335963165420798515
0.472083603005358676,0.333046196006559547
0.536768662288312215,0.260490561772453000
0.523907384874271465,0.191688804490050269
0.506000045708867252,0.124024770721120434
0.483144448468865395,0.057868017954147435
0.455465422500718198,-0.006420128568538574
0.423114141045965897,-0.068488549283930167
0.386267295585407677,-0.127998248001647136
0.345126130811511889,-0.184624203383562890
0.299915345499685737,-0.238057144097654799
0.274783011131262467,-0.156489452180925609
0.230204211842928830,-0.206510736817933721
0.208179083847533475,-0.128917953911922706
0.248279151608236631,-0.078926029351198468
0.284280589845639531,-0.025906180232810938
0.315955785875800310,0.029806384886279735
0.343104478910934707,0.087859433231583461
0.365555026172593001,0.147885934740085295
0.383165488072570615,0.209506382542479247
0.395824525600684762,0.272331192327784744
0.330893725821417239,0.278035408601975786
0.269457062540743197,0.283606308528685847
0.211364649875758454,0.289053673416866996
0.156466784284726407,0.294389025249191916
0.104614026767462023,0.299626029322701826
0.055657321411889095,0.304781013218253627
0.009448167981453847,0.309873642941528415
-0.034161123996459500,0.314927814154883079
-0.075317056252728276,0.319972841862240898
-0.087330568445997403,0.281420125772975982
-0.126096098204250662,0.289108600058145038
-0.142525322931538467,0.254992963382836391
-0.163182274738018801,0.223258338239845644
-0.187727767046121458,0.194425806296669779
-0.215758763550744470,0.168968796930697107
-0.246814996064239955,0.147305313531920112
-0.244596571268564072,0.103903505021566478
-0.210039148693101335,0.124794195245161443
-0.178251783084278137,0.149698005811583795
-0.149698005811584156,0.178251783084277832
-0.124794195245161110,0.210039148693101752
-0.103903505021566478,0.244596571268563906
-0.062937150183525734,0.234277354373046032
-0.046243257016994492,0.273779847908284635
-0.002696407981610268,0.266132833490490162
0.043451769763974649,0.258434545551540606
0.092345802734221494,0.250648533552579045
0.144132090243522304,0.242744703214120117
0.198958323493368450,0.234698006007146853
0.256973089344786187,0.226487435968551393
0.318325597061043741,0.218095254028667751
0.300850576100170242,0.159397693319329403
0.239625117249979452,0.170653189725799931
0.181729536872000552,0.181673253057057615
0.127015543828334021,0.192482346381505687
0.075336019477057162,0.203109374048161428
0.026545519038700720,0.213588706919335486
-0.019499005302951362,0.223961494170858949
-0.040762628891738296,0.183854045378533559
-0.084025173068608544,0.196935308963677502
-0.109232411043960642,0.162240522349388322
-0.138230249213071921,0.130645294132533174
-0.170640656408929114,0.102561516431593835
-0.206041113408405918,0.078355304237503087
-0.243970121116491134,0.058342222544843163
-0.244819578373740965,0.010526510216810390
-0.247063521220506177,-0.039659735998794084
-0.250648533552579267,-0.092345802734221522
-0.255543775886666047,-0.147669023512301906
-0.207992290545126579,-0.190938966399993582
-0.156944046712890695,-0.234542396985177481
-0.102343690332149392,-0.278588035051397565
-0.159397693319330375,-0.300850576100170408
-0.047322981759528780,-0.251690049644008595
0.005288585168718036,-0.220340360392533768
0.055131620103043746,-0.184753117462727684
0.101865644574673689,-0.145171417808790837
0.164233912102956708,-0.175565888871980463
0.042965367699585540,-0.115268796861182896
-0.002969391019523754,-0.151440790595501834
-0.051843625458735859,-0.183530109648407741
-0.103295487885854867,-0.211299175928699179
-0.155793896581834429,-0.171348581474843470
-0.204893975998953370,-0.131735459978458536
-0.203109374048161234,-0.075336019477056745
-0.202667851124559956,-0.021604403463959563
-0.203619761236613322,0.029587575366004738
-0.164722322846821201,0.052991387522723615
-0.128583300105218762,0.080463558387738332
-0.120600252404734598,0.027674831573660550
-0.160363950897173840,0.000920040630467263
-0.157466378903024257,-0.053748490507228616
-0.155958774865434247,-0.111128986103136360
-0.105561706572402006,-0.147158033719183817
-0.057700160574736141,-0.118562091199731420
-0.109168216793193579,-0.086030692319681842
-0.114159115111414869,-0.027791115529659779
-0.064933498888980978,-0.056661143336302955
-0.012594611615075633,-0.085790991631510008
0.029391776947988228,-0.049108588639149742
0.085620565816191901,-0.075281933231594225
-0.023643357444251327,-0.023278439805483622
-0.073604655297804286,0.002286121744871872
-0.083798260743309885,0.058376361925811478
-0.050348086179772898,0.092699187827541718
-0.020604308885924415,0.130279478785775532
-0.066237982202908857,0.146280710280013826
-0.095626390011227233,0.111682001875702361
0.005117779699537417,0.170718874367476486
0.053748490507228575,0.157466378903024035
0.105267565864503782,0.144043662150437624
0.159817006071168222,0.130406338699305652
0.217541584572192137,0.116516947024930623
0.278588035051397342,0.102343690332149323
0.251690049644008096,0.047322981759528024
0.220340360392533241,-0.005288585168718882
0.184753117462727157,-0.055131620103044537
0.145171417808790310,-0.101865644574674424
0.124680399167182002,-0.031776248454875644
0.159855682412258060,0.014926156600185541
0.190885990061021998,0.064479513666295396
0.133397157904519698,0.081310033983840638
0.079079278364353037,0.097854331419610280
0.027791115529659575,0.114159115111414716
-0.002286121744871700,0.073604655297804467
-0.036193561079521368,0.036193561079521215
0.014339348293342265,0.013824049873832287
0.048680824940063858,0.054320267688278086
0.102682709454873469,0.034779633488071712
0.067920955401343922,-0.008810227362640090
0.315401915394609766,-0.103202466160216347
0.351822556751355708,-0.046962487978414853
0.383831204395987446,0.011900443809664098
0.411240018856447120,0.073040898114471411
0.433888154310845153,0.136100078438715744
0.451642702494699788,0.200707928437871608
0.464399472659481949,0.266485303557961739
0.403452104245844878,0.464036834579201807
0.338469109317942274,0.461191294994998280
0.276984609868066056,0.458413080742094747
0.218848627573941718,0.455697384587148369
0.163911228217203025,0.453038539672256269
0.112022541872845369,0.450429818699558893
0.063032792098591181,0.447863174167441369
0.016792338536965257,0.445328898474237678
-0.026848260203084548,0.442815173554887087
-0.068038152501610744,0.440307465877380011
-0.106926050915230705,0.437787701277771613
-0.143660011463099840,0.435233120453653588
-0.178387085551175439,0.432614661572640946
-0.211252758112269651,0.429894626269187896
-0.242400015935401114,0.427023231169463835
-0.385000000000000175,0.399999999999999911
-0.385000000000000175,0.399999999999999911
-0.385607605395782260,0.395774011647378854
-0.387381197007532707,0.391890387738165702
-0.390177088990821264,0.388663756384685588
-0.393768774804971800,0.386355520069682212
-0.397865277425900887,0.385152678371785850
-0.402134722574099379,0.385152678371785961
-0.406231225195028134,0.386355520069682323
-0.409822911009179502,0.388663756384685866
-0.412618802992468114,0.391890387738165535
-0.414392394604217507,0.395774011647378521
-0.415000000000000369,0.399999999999999578
-0.414392394604217340,0.404225988352621635
-0.412618802992468003,0.408109612261833732
-0.409822911009179114,0.411336243615314068
-0.406231225195028245,0.413644479930317999
-0.402134722574099546,0.414847321628213805
-0.397865277425900499,0.414847321628214361
-0.393768774804971355,0.413644479930318165
-0.390177088990820709,0.411336243615313901
-0.387381197007532430,0.408109612261833787
-0.385607605395782427,0.404225988352621579
-0.400000000000000022,0.400000000000000078
-0.364574864209828708,0.495650717479001968
-0.143660011463099646,0.364766879546346068
-0.400000000000000411,-0.623499999999999610
-0.326984345995586567,-0.620892239303594384
-0.254340763027293304,-0.613082245765134481
-0.182439426142528976,-0.600109817321481720
-0.111646728072796145,-0.582041058494437880
-0.042323412180322907,-0.558968043537255821
0.025177265807431022,-0.531008347245349288
0.090511337907977954,-0.498304445822085884
0.153345876665804348,-0.461022990852713643
0.213360691674363362,-0.419353960086082833
0.270249961192998600,-0.373509689351583685
0.288332741252041613,-0.463141956644704977
0.227143480391196584,-0.508574187946596257
0.162965595246710476,-0.549676649480504653
0.096104922667745604,-0.586253469299262031
0.026880084207326672,-0.618130342199438410
-0.044379032254465899,-0.645155360365017638
-0.117332844576467712,-0.667199737277314187
-0.191633694619979894,-0.684158421441387055
-0.266927504998123732,-0.695950597004251992
-0.342855466415832366,-0.702520068879223802
-0.419055747559548275,-0.703835530541098264
-0.495165219388204236,-0.699890713215997051
-0.570821185608469395,-0.690704415754936574
-0.597724020260696154,-0.772191014430646194
-0.645663111087770969,-0.676320415048732748
-0.719334339968371372,-0.656807257411191281
-0.757676587819677838,-0.558968043537255488
-0.688353271927203192,-0.582041058494437880
-0.617560573857471096,-0.600109817321481831
-0.545659236972707462,-0.613082245765134370
-0.473015654004414476,-0.620892239303594828
-0.281011246581853447,-0.782779877686458958
-0.360277946082126821,-0.788086158884340304
-0.439722053917873057,-0.788086158884340082
-0.518988753418147208,-0.782779877686459069
-0.379306877377282414,-0.877732446436311542
-0.296642885262161982,-0.873713357405452196
-0.214412408805387700,-0.864351871906939184
-0.132960351202333182,-0.849687255264299335
-0.052628350689177400,-0.829781015976046699
0.026246652406582680,-0.804716647727664158
0.103333828910964390,-0.774599279190068102
0.178309848416016464,-0.739555233073431850
0.250860235439925527,-0.699731496285836307
0.320680688446472906,-0.655295103419094804
0.239645397322960002,-0.601988187646716799
0.171291561478170568,-0.642474227155680588
0.100386198836682969,-0.678304323701697576
0.027245989960593565,-0.709318451375705039
-0.047802403222202930,-0.735378093554717394
-0.124423796369475634,-0.756366861550687775
-0.202275979739305001,-0.772191014430646416
-0.142987788914219538,-0.947305193099469034
-0.058896950764685166,-0.928508663804030077
0.023847709484677296,-0.904469117750432483
0.104919636462304580,-0.875281428044325294
0.183998876310653287,-0.841060785162392355
0.260773339397913084,-0.801942242348162804
0.334940031993191556,-0.758080182618563359
0.269362730561838570,-0.908760304614561032
0.188330466519727013,-0.947132978649353419
0.305142421547021203,-0.557027025655390196
