X1,Y1
18.0,7691.0
81.0,7699.0
164.0,7709.0
250.0,7725.0
322.0,7736.0
407.0,7744.0
507.0,7750.0
581.0,7763.0
633.0,7747.0
700.0,7738.0
769.0,7717.0
828.0,7692.0
910.0,7693.0
992.0,7712.0
1067.0,7688.0
1135.0,7674.0
1222.0,7630.0
1288.0,7605.0
1346.0,7588.0
1331.0,7581.0
1476.0,7538.0
1551.0,7573.0
1630.0,7598.0
1742.0,7608.0
1805.0,7570.0
1887.0,7582.0
1937.0,7601.0
2021.0,7610.0
2084.0,7607.0
2146.0,7610.0
2216.0,7654.0
2339.0,7673.0
2442.0,7636.0
2527.0,7626.0
2629.0,7630.0
2719.0,7625.0
2812.0,7620.0
2904.0,7614.0
2992.0,7611.0
3089.0,7619.0
3178.0,7622.0
3262.0,7625.0
3348.0,7632.0
3435.0,7649.0
3435.0,7649.0
3513.0,7644.0
3598.0,7653.0
3681.0,7672.0
3766.0,7670.0
3845.0,7679.0
3802.0,7788.0
3885.0,7780.0
3838.0,7902.0
3766.0,7896.0
3692.0,7903.0
3623.0,7897.0
3552.0,7890.0
3479.0,7879.0
3408.0,7874.0
3408.0,7874.0
3335.0,7871.0
3265.0,7873.0
3190.0,7873.0
3110.0,7864.0
3031.0,7858.0
2948.0,7861.0
2869.0,7857.0
2786.0,7857.0
2706.0,7857.0
2635.0,7862.0
2551.0,7876.0
2469.0,7881.0
2382.0,7889.0
2260.0,7895.0
2210.0,7857.0
2173.0,7855.0
2101.0,7766.0
2013.0,7754.0
1957.0,7748.0
1890.0,7773.0
1834.0,7776.0
1779.0,7780.0
1733.0,7768.0
1648.0,7757.0
1547.0,7772.0
1431.0,7781.0
1265.0,7763.0
1362.0,7833.0
1287.0,7870.0
1232.0,7894.0
1148.0,7909.0
1104.0,7916.0
1017.0,7909.0
948.0,7918.0
879.0,7925.0
810.0,7936.0
737.0,7937.0
668.0,7932.0
606.0,7933.0
557.0,7944.0
517.0,7962.0
434.0,7956.0
356.0,7931.0
290.0,7926.0
215.0,7924.0
141.0,7930.0
61.0,7926.0
84.0,8030.0
158.0,8046.0
225.0,8042.0
302.0,8031.0
371.0,8039.0
439.0,8058.0
492.0,8064.0
539.0,8049.0
580.0,8037.0
661.0,8015.0
734.0,8021.0
800.0,8016.0
869.0,8011.0
932.0,8007.0
998.0,7999.0
1089.0,8005.0
1134.0,8012.0
1185.0,8011.0
1240.0,8011.0
1306.0,7999.0
1257.0,7851.0
1357.0,7891.0
1453.0,7910.0
1533.0,7905.0
1642.0,7855.0
1714.0,7857.0
1778.0,7871.0
1837.0,7841.0
1896.0,7857.0
1970.0,7869.0
2012.0,7877.0
2106.0,7939.0
2158.0,7956.0
2215.0,7962.0
2258.0,7991.0
2333.0,8005.0
2446.0,8005.0
2517.0,7991.0
2589.0,7984.0
2659.0,7981.0
2733.0,7978.0
2812.0,7981.0
2884.0,7979.0
2965.0,7979.0
3040.0,7977.0
3117.0,7986.0
3187.0,7987.0
3259.0,7989.0
3327.0,7991.0
3395.0,7993.0
3395.0,7993.0
3464.0,8002.0
3528.0,8008.0
3597.0,8006.0
3664.0,8006.0
3721.0,8018.0
3792.0,8017.0
3873.0,7998.0
3819.0,8109.0
3896.0,8100.0
3849.0,8237.0
3896.0,8162.0
3864.0,8374.0
3801.0,8377.0
3728.0,8353.0
3659.0,8370.0
3613.0,8371.0
3550.0,8379.0
3500.0,8379.0
3448.0,8377.0
3393.0,8376.0
3338.0,8376.0
3338.0,8376.0
3282.0,8371.0
3225.0,8370.0
3171.0,8369.0
3115.0,8373.0
3053.0,8373.0
2987.0,8374.0
2903.0,8370.0
2842.0,8370.0
2785.0,8358.0
2705.0,8371.0
2633.0,8374.0
2574.0,8374.0
2520.0,8375.0
2469.0,8376.0
2418.0,8366.0
2336.0,8367.0
2231.0,8380.0
2233.0,8371.0
2226.0,8360.0
2184.0,8361.0
2133.0,8368.0
2056.0,8355.0
1976.0,8343.0
1922.0,8340.0
1852.0,8334.0
1818.0,8315.0
1752.0,8307.0
1642.0,8300.0
1578.0,8306.0
1488.0,8310.0
1412.0,8319.0
1369.0,8335.0
1283.0,8374.0
1318.0,8359.0
1269.0,8376.0
1214.0,8377.0
1178.0,8375.0
1133.0,8371.0
1089.0,8379.0
1012.0,8377.0
950.0,8368.0
880.0,8355.0
806.0,8366.0
736.0,8390.0
672.0,8397.0
600.0,8396.0
528.0,8400.0
477.0,8406.0
450.0,8413.0
442.0,8418.0
374.0,8413.0
304.0,8416.0
241.0,8421.0
184.0,8421.0
128.0,8422.0
78.0,8409.0
3934.0,8411.0
63.0,8281.0
126.0,8286.0
179.0,8285.0
245.0,8288.0
307.0,8292.0
375.0,8296.0
439.0,8300.0
468.0,8283.0
497.0,8283.0
547.0,8281.0
632.0,8266.0
695.0,8264.0
768.0,8261.0
837.0,8236.0
903.0,8224.0
963.0,8231.0
1035.0,8219.0
1113.0,8228.0
1147.0,8232.0
1206.0,8237.0
1239.0,8226.0
1317.0,8217.0
1308.0,8131.0
1361.0,8178.0
1433.0,8165.0
1504.0,8140.0
1580.0,8141.0
1643.0,8129.0
1740.0,8113.0
1821.0,8159.0
1871.0,8183.0
1937.0,8173.0
1989.0,8174.0
2036.0,8214.0
2112.0,8232.0
2184.0,8238.0
2226.0,8251.0
2233.0,8254.0
2261.0,8251.0
2367.0,8239.0
2442.0,8239.0
2510.0,8240.0
2571.0,8239.0
2639.0,8230.0
2702.0,8227.0
2767.0,8231.0
2840.0,8237.0
2915.0,8234.0
2985.0,8234.0
3048.0,8232.0
3121.0,8234.0
3183.0,8236.0
3241.0,8235.0
3300.0,8237.0
3362.0,8242.0
3362.0,8242.0
3420.0,8242.0
3477.0,8244.0
3535.0,8247.0
3591.0,8241.0
3655.0,8241.0
3713.0,8221.0
3766.0,8216.0
3746.0,8124.0
3697.0,8111.0
3630.0,8113.0
3569.0,8116.0
3505.0,8123.0
3443.0,8117.0
3380.0,8116.0
3380.0,8116.0
3316.0,8112.0
3253.0,8113.0
3188.0,8112.0
3120.0,8108.0
3047.0,8104.0
2978.0,8102.0
2901.0,8102.0
2832.0,8101.0
2754.0,8096.0
2677.0,8100.0
2622.0,8104.0
2553.0,8100.0
2481.0,8100.0
2415.0,8104.0
2311.0,8125.0
2262.0,8136.0
2213.0,8120.0
2166.0,8107.0
2099.0,8104.0
2036.0,8043.0
1988.0,7993.0
1928.0,8018.0
1865.0,7988.0
1798.0,7981.0
1732.0,7966.0
1618.0,8005.0
1546.0,8015.0
1480.0,8025.0
1414.0,8015.0
1330.0,7994.0
1341.0,8122.0
1261.0,8102.0
1219.0,8106.0
1163.0,8108.0
1126.0,8110.0
1069.0,8101.0
986.0,8105.0
924.0,8102.0
863.0,8104.0
792.0,8109.0
715.0,8111.0
653.0,8129.0
562.0,8140.0
522.0,8155.0
481.0,8178.0
436.0,8177.0
376.0,8176.0
306.0,8168.0
236.0,8170.0
174.0,8168.0
113.0,8164.0
37.0,8151.0
69.0,8034.0
30.0,7801.0
110.0,7816.0
192.0,7823.0
273.0,7830.0
342.0,7849.0
419.0,7858.0
521.0,7852.0
574.0,7858.0
627.0,7850.0
684.0,7833.0
750.0,7817.0
819.0,7797.0
894.0,7807.0
971.0,7810.0
1038.0,7791.0
1110.0,7787.0
1189.0,7765.0
1261.0,7748.0
1329.0,7716.0
1275.0,7706.0
1356.0,7629.0
1535.0,7648.0
1607.0,7680.0
1694.0,7698.0
1771.0,7716.0
1821.0,7709.0
1893.0,7672.0
1952.0,7665.0
2026.0,7674.0
2084.0,7665.0
2163.0,7699.0
2222.0,7756.0
2277.0,7762.0
2405.0,7785.0
2500.0,7767.0
2591.0,7746.0
2674.0,7753.0
2755.0,7739.0
2838.0,7736.0
2924.0,7730.0
3012.0,7729.0
3096.0,7731.0
3186.0,7744.0
3267.0,7753.0
3341.0,7750.0
3422.0,7759.0
3422.0,7759.0
3496.0,7762.0
3574.0,7776.0
3652.0,7787.0
3726.0,7788.0
3920.0,7900.0
3886.0,7571.0
3803.0,7557.0
3714.0,7543.0
3624.0,7528.0
3533.0,7522.0
3446.0,7513.0
3446.0,7513.0
3353.0,7506.0
3260.0,7500.0
3163.0,7494.0
3067.0,7487.0
2975.0,7486.0
2877.0,7490.0
2773.0,7494.0
2671.0,7500.0
2571.0,7513.0
2473.0,7540.0
2360.0,7537.0
2226.0,7534.0
2140.0,7541.0
2073.0,7515.0
1995.0,7516.0
1916.0,7509.0
1833.0,7473.0
1759.0,7447.0
1685.0,7442.0
1599.0,7479.0
1510.0,7468.0
1432.0,7467.0
1350.0,7537.0
1305.0,7482.0
1231.0,7499.0
1159.0,7515.0
1084.0,7540.0
1014.0,7564.0
920.0,7575.0
836.0,7594.0
780.0,7618.0
711.0,7637.0
641.0,7640.0
577.0,7649.0
494.0,7631.0
392.0,7628.0
306.0,7631.0
221.0,7609.0
133.0,7595.0
46.0,7579.0
97.0,7477.0
193.0,7491.0
278.0,7510.0
379.0,7528.0
472.0,7531.0
569.0,7545.0
648.0,7537.0
710.0,7542.0
788.0,7538.0
868.0,7505.0
948.0,7488.0
1048.0,7481.0
1112.0,7454.0
1180.0,7440.0
1269.0,7421.0
1322.0,7421.0
1417.0,7357.0
1487.0,7371.0
1578.0,7373.0
1662.0,7352.0
1724.0,7359.0
1794.0,7364.0
1866.0,7368.0
1979.0,7398.0
2043.0,7405.0
2132.0,7430.0
2235.0,7401.0
2384.0,7413.0
2513.0,7391.0
2608.0,7375.0
2719.0,7354.0
2829.0,7349.0
2945.0,7357.0
3049.0,7357.0
3154.0,7361.0
3256.0,7361.0
3355.0,7372.0
3457.0,7383.0
3457.0,7383.0
3556.0,7394.0
3654.0,7406.0
3750.0,7420.0
3848.0,7430.0
3931.0,7462.0
3893.0,7312.0
3794.0,7290.0
3687.0,7271.0
3581.0,7255.0
3472.0,7242.0
3472.0,7242.0
3366.0,7224.0
3249.0,7213.0
3139.0,7219.0
3023.0,7211.0
2903.0,7207.0
2782.0,7216.0
2667.0,7219.0
2545.0,7227.0
2405.0,7248.0
2255.0,7292.0
2140.0,7302.0
2021.0,7302.0
1941.0,7278.0
1812.0,7299.0
1745.0,7292.0
1686.0,7268.0
1614.0,7292.0
1537.0,7289.0
1443.0,7293.0
1369.0,7306.0
1315.0,7353.0
1214.0,7372.0
1133.0,7384.0
1064.0,7384.0
980.0,7395.0
891.0,7409.0
792.0,7411.0
713.0,7425.0
640.0,7419.0
566.0,7413.0
457.0,7419.0
359.0,7394.0
256.0,7378.0
161.0,7362.0
59.0,7342.0
125.0,7216.0
21.0,7201.0
89.0,7049.0
203.0,7080.0
319.0,7103.0
421.0,7129.0
544.0,7166.0
657.0,7191.0
736.0,7195.0
846.0,7199.0
933.0,7182.0
1030.0,7188.0
1133.0,7162.0
1221.0,7118.0
1316.0,7087.0
1331.0,7178.0
1391.0,7111.0
1472.0,7100.0
1565.0,7106.0
1678.0,7134.0
1747.0,7078.0
1861.0,7034.0
1978.0,7043.0
2102.0,6980.0
2292.0,6916.0
2459.0,6869.0
2612.0,6855.0
2790.0,6848.0
2943.0,6845.0
3090.0,6839.0
3246.0,6857.0
3386.0,6864.0
3524.0,6891.0
3524.0,6891.0
3657.0,6924.0
3785.0,6964.0
3905.0,7002.0
3843.0,7155.0
3730.0,7130.0
3613.0,7100.0
3493.0,7081.0
3493.0,7081.0
3374.0,7060.0
3247.0,7052.0
3124.0,7047.0
2991.0,7040.0
2854.0,7045.0
2716.0,7055.0
2586.0,7048.0
2416.0,7064.0
2282.0,7118.0
2123.0,7167.0
1999.0,7148.0
1916.0,7171.0
1782.0,7190.0
1704.0,7208.0
1643.0,7205.0
1553.0,7219.0
1467.0,7202.0
1372.0,7229.0
1347.0,7226.0
1260.0,7247.0
1169.0,7280.0
1084.0,7298.0
1010.0,7298.0
907.0,7286.0
817.0,7299.0
720.0,7315.0
649.0,7319.0
553.0,7314.0
439.0,7295.0
344.0,7263.0
233.0,7238.0
403.0,6982.0
302.0,6936.0
173.0,6895.0
60.0,6835.0
176.0,6636.0
292.0,6712.0
431.0,6758.0
530.0,6819.0
664.0,6858.0
802.0,6894.0
904.0,6913.0
1005.0,6871.0
1113.0,6837.0
1195.0,6814.0
1289.0,6766.0
1170.0,6962.0
1263.0,6858.0
1378.0,6829.0
1484.0,6844.0
1612.0,6753.0
1744.0,6715.0
1883.0,6626.0
2091.0,6485.0
2277.0,6392.0
2517.0,6302.0
2772.0,6246.0
3021.0,6233.0
3242.0,6237.0
3463.0,6298.0
3652.0,6379.0
3652.0,6379.0
3817.0,6469.0
3718.0,6715.0
3858.0,6772.0
3569.0,6666.0
3569.0,6666.0
3422.0,6645.0
3251.0,6618.0
3068.0,6593.0
2881.0,6596.0
2685.0,6605.0
2487.0,6648.0
2299.0,6706.0
2122.0,6775.0
1945.0,6850.0
1811.0,6905.0
1724.0,6943.0
1574.0,6955.0
1498.0,6981.0
1409.0,7013.0
1313.0,7075.0
1364.0,6935.0
1269.0,6963.0
1186.0,6985.0
1078.0,7027.0
964.0,7048.0
872.0,7052.0
765.0,7050.0
660.0,7036.0
539.0,7011.0
807.0,6684.0
671.0,6642.0
565.0,6590.0
437.0,6523.0
322.0,6436.0
222.0,6311.0
62.0,6213.0
34.0,6563.0
938.0,6693.0
1047.0,6693.0
1142.0,6664.0
1219.0,6619.0
1278.0,6645.0
1185.0,6769.0
1220.0,6702.0
1296.0,6634.0
1487.0,6566.0
1628.0,6482.0
1776.0,6327.0
1966.0,6174.0
2174.0,6004.0
2529.0,6003.0
2910.0,6003.0
3290.0,6004.0
3626.0,6006.0
3841.0,6012.0
3841.0,6012.0
3672.0,8517.0
3739.0,8521.0
3809.0,8510.0
3878.0,8512.0
3877.0,8686.0
3796.0,8678.0
3731.0,8685.0
3661.0,8703.0
3600.0,8709.0
3541.0,8708.0
3491.0,8706.0
3443.0,8709.0
3396.0,8713.0
3354.0,8713.0
3310.0,8711.0
3264.0,8709.0
3264.0,8709.0
3215.0,8709.0
3167.0,8709.0
3115.0,8707.0
3068.0,8709.0
3023.0,8708.0
2980.0,8705.0
2876.0,8700.0
2811.0,8694.0
2732.0,8699.0
2663.0,8695.0
2598.0,8696.0
2538.0,8699.0
2487.0,8705.0
2442.0,8708.0
2399.0,8712.0
2357.0,8712.0
2301.0,8712.0
2185.0,8720.0
2163.0,8715.0
2179.0,8705.0
2150.0,8706.0
2112.0,8706.0
2076.0,8697.0
2022.0,8685.0
1967.0,8680.0
1880.0,8670.0
1818.0,8653.0
1750.0,8657.0
1710.0,8664.0
1657.0,8670.0
1578.0,8679.0
1500.0,8676.0
1394.0,8682.0
1303.0,8714.0
1240.0,8705.0
1187.0,8660.0
1241.0,8698.0
1208.0,8705.0
1164.0,8706.0
1125.0,8711.0
1086.0,8716.0
1034.0,8710.0
993.0,8707.0
953.0,8703.0
888.0,8694.0
805.0,8685.0
717.0,8684.0
654.0,8683.0
587.0,8696.0
509.0,8708.0
452.0,8717.0
395.0,8721.0
361.0,8729.0
359.0,8741.0
331.0,8732.0
258.0,8729.0
195.0,8729.0
153.0,8726.0
110.0,8726.0
66.0,8721.0
3931.0,8710.0
23.0,8560.0
81.0,8548.0
128.0,8550.0
176.0,8558.0
224.0,8555.0
288.0,8553.0
360.0,8553.0
411.0,8555.0
409.0,8545.0
442.0,8541.0
508.0,8537.0
563.0,8530.0
641.0,8531.0
691.0,8530.0
755.0,8529.0
842.0,8532.0
924.0,8531.0
985.0,8529.0
1042.0,8527.0
1090.0,8528.0
1145.0,8529.0
1184.0,8521.0
1218.0,8517.0
1267.0,8521.0
1219.0,8473.0
1272.0,8525.0
1324.0,8528.0
1396.0,8508.0
1494.0,8500.0
1573.0,8516.0
1674.0,8507.0
1731.0,8499.0
1795.0,8482.0
1830.0,8484.0
1913.0,8485.0
2003.0,8491.0
2065.0,8499.0
2106.0,8505.0
2141.0,8505.0
2201.0,8504.0
2223.0,8510.0
2201.0,8529.0
2271.0,8536.0
2371.0,8526.0
2422.0,8526.0
2467.0,8526.0
2512.0,8523.0
2569.0,8520.0
2625.0,8518.0
2684.0,8515.0
2757.0,8515.0
2848.0,8506.0
2906.0,8514.0
2983.0,8525.0
3049.0,8526.0
3097.0,8525.0
3154.0,8523.0
3205.0,8522.0
3257.0,8527.0
3307.0,8527.0
3307.0,8527.0
3358.0,8526.0
3410.0,8527.0
3458.0,8528.0
3507.0,8524.0
3557.0,8521.0
3608.0,8521.0
3499.0,8935.0
3458.0,8935.0
3399.0,8935.0
3358.0,8934.0
3320.0,8934.0
3276.0,8933.0
3235.0,8933.0
3188.0,8933.0
3188.0,8933.0
3137.0,8934.0
3100.0,8934.0
3054.0,8934.0
3016.0,8934.0
2958.0,8934.0
2916.0,8934.0
2855.0,8923.0
2763.0,8907.0
2680.0,8910.0
2608.0,8922.0
2535.0,8931.0
2473.0,8934.0
2419.0,8935.0
2382.0,8935.0
2342.0,8935.0
2301.0,8935.0
2252.0,8935.0
2182.0,8935.0
2073.0,8934.0
2079.0,8934.0
2092.0,8934.0
2074.0,8933.0
2049.0,8933.0
2021.0,8933.0
1978.0,8928.0
1907.0,8914.0
1850.0,8906.0
1756.0,8908.0
1670.0,8900.0
1605.0,8893.0
1540.0,8904.0
1494.0,8915.0
1452.0,8923.0
1318.0,8927.0
1220.0,8928.0
1178.0,8929.0
1148.0,8925.0
1253.0,8917.0
1126.0,8934.0
1092.0,8933.0
1063.0,8932.0
1042.0,8931.0
1015.0,8926.0
974.0,8921.0
937.0,8918.0
891.0,8914.0
828.0,8909.0
723.0,8907.0
610.0,8922.0
551.0,8929.0
481.0,8930.0
408.0,8931.0
359.0,8931.0
320.0,8931.0
277.0,8931.0
272.0,8932.0
251.0,8932.0
184.0,8930.0
131.0,8928.0
111.0,8926.0
89.0,8924.0
3941.0,8916.0
3896.0,8915.0
3913.0,8922.0
3942.0,8916.0
140.0,8928.0
145.0,8928.0
189.0,8930.0
174.0,8930.0
226.0,8932.0
252.0,8932.0
298.0,8932.0
334.0,8933.0
388.0,8933.0
437.0,8933.0
499.0,8933.0
564.0,8934.0
627.0,8934.0
743.0,8934.0
808.0,8934.0
858.0,8934.0
896.0,8933.0
933.0,8933.0
978.0,8932.0
1032.0,8933.0
1066.0,8934.0
1104.0,8934.0
1145.0,8934.0
1098.0,8934.0
1128.0,8927.0
1151.0,8928.0
1202.0,8929.0
1269.0,8928.0
1380.0,8929.0
1458.0,8929.0
1491.0,8930.0
1536.0,8931.0
1606.0,8932.0
1687.0,8932.0
1775.0,8932.0
1845.0,8932.0
1925.0,8932.0
1978.0,8933.0
2000.0,8933.0
2032.0,8933.0
2064.0,8934.0
2093.0,8934.0
2103.0,8934.0
2115.0,8934.0
2176.0,8935.0
2243.0,8935.0
2290.0,8935.0
2344.0,8935.0
2397.0,8935.0
2442.0,8935.0
2511.0,8934.0
2552.0,8933.0
2587.0,8933.0
2646.0,8933.0
2745.0,8934.0
2816.0,8934.0
2844.0,8934.0
2879.0,8935.0
2931.0,8935.0
2992.0,8935.0
3025.0,8935.0
3067.0,8935.0
3115.0,8935.0
3144.0,8934.0
3144.0,8934.0
3184.0,8933.0
3226.0,8933.0
3271.0,8933.0
3321.0,8934.0
3372.0,8935.0
3439.0,8935.0
3491.0,8936.0
3516.0,8936.0
3563.0,8935.0
3639.0,8935.0
3721.0,8934.0
3802.0,8931.0
3866.0,8923.0
3850.0,8912.0
3757.0,8922.0
3700.0,8929.0
3600.0,8933.0
3537.0,8935.0
3611.0,8935.0
3551.0,8935.0
3518.0,8936.0
3478.0,8936.0
3412.0,8936.0
3338.0,8934.0
3278.0,8933.0
3235.0,8933.0
3200.0,8933.0
3169.0,8934.0
3148.0,8935.0
3148.0,8935.0
3127.0,8935.0
3077.0,8935.0
3024.0,8935.0
2967.0,8935.0
2905.0,8935.0
2865.0,8935.0
2846.0,8935.0
2838.0,8934.0
2788.0,8935.0
2683.0,8934.0
2622.0,8933.0
2576.0,8933.0
2550.0,8934.0
2508.0,8935.0
2440.0,8935.0
2389.0,8935.0
2333.0,8935.0
2273.0,8935.0
2228.0,8935.0
2173.0,8934.0
2143.0,8934.0
2118.0,8934.0
2092.0,8934.0
2052.0,8933.0
2022.0,8933.0
1992.0,8934.0
1950.0,8933.0
1877.0,8933.0
1821.0,8932.0
1753.0,8933.0
1673.0,8933.0
1595.0,8932.0
1548.0,8932.0
1498.0,8931.0
1453.0,8930.0
1388.0,8929.0
1312.0,8928.0
1216.0,8925.0
1039.0,8925.0
953.0,8920.0
1133.0,8930.0
1178.0,8934.0
1126.0,8934.0
1090.0,8934.0
1056.0,8934.0
1001.0,8933.0
953.0,8933.0
910.0,8934.0
885.0,8934.0
854.0,8934.0
803.0,8934.0
749.0,8935.0
635.0,8934.0
566.0,8934.0
513.0,8933.0
467.0,8933.0
421.0,8933.0
361.0,8933.0
314.0,8933.0
269.0,8933.0
186.0,8931.0
542.0,8934.0
567.0,8934.0
185.0,8929.0
209.0,8929.0
3909.0,8920.0
3385.0,8919.0
302.0,8925.0
198.0,8928.0
1698.0,8934.0
3446.0,8934.0
487.0,8934.0
314.0,8933.0
340.0,8933.0
373.0,8933.0
427.0,8933.0
473.0,8933.0
508.0,8933.0
556.0,8933.0
632.0,8934.0
747.0,8935.0
797.0,8934.0
845.0,8934.0
882.0,8934.0
897.0,8934.0
930.0,8934.0
979.0,8934.0
1045.0,8934.0
1073.0,8934.0
1094.0,8934.0
1121.0,8934.0
1224.0,8934.0
901.0,8919.0
764.0,8905.0
1010.0,8923.0
1215.0,8925.0
1318.0,8929.0
1388.0,8930.0
1459.0,8931.0
1512.0,8932.0
1560.0,8932.0
1612.0,8933.0
1644.0,8933.0
1676.0,8934.0
1761.0,8934.0
1821.0,8934.0
1872.0,8934.0
1954.0,8934.0
1996.0,8934.0
2035.0,8934.0
2077.0,8934.0
2122.0,8934.0
2154.0,8934.0
2175.0,8934.0
2219.0,8935.0
2263.0,8935.0
2323.0,8936.0
2382.0,8935.0
2438.0,8935.0
2497.0,8935.0
2544.0,8934.0
2570.0,8934.0
2596.0,8933.0
2645.0,8933.0
2729.0,8934.0
2820.0,8935.0
2836.0,8934.0
2834.0,8935.0
2858.0,8935.0
2902.0,8935.0
2963.0,8936.0
3028.0,8936.0
3087.0,8936.0
3141.0,8935.0
3156.0,8935.0
3156.0,8935.0
3161.0,8934.0
3181.0,8934.0
3208.0,8933.0
3239.0,8934.0
3287.0,8935.0
3371.0,8936.0
3439.0,8936.0
3495.0,8936.0
3538.0,8936.0
3581.0,8935.0
3652.0,8935.0
3713.0,8933.0
3804.0,8932.0
3864.0,8927.0
3914.0,8918.0
3943.0,8909.0
3888.0,8920.0
3846.0,8929.0
3936.0,8914.0
3763.0,8933.0
3687.0,8934.0
1075.0,6565.0
1055.0,6400.0
1192.0,6198.0
1285.0,6003.0
1248.0,6092.0
1285.0,6003.0
1226.0,6003.0
1120.0,6004.0
1078.0,6041.0
953.0,6004.0
826.0,6004.0
807.0,6005.0
773.0,6004.0
773.0,6004.0
760.0,6068.0
703.0,6006.0
795.0,6151.0
838.0,6212.0
915.0,6244.0
992.0,6276.0
1088.0,6246.0
1178.0,6227.0
1289.0,6273.0
1111.0,6677.0
22.0,7935.0
142.0,7958.0
247.0,7991.0
350.0,8044.0
430.0,8133.0
480.0,8205.0
504.0,8275.0
556.0,8357.0
609.0,8441.0
656.0,8545.0
678.0,8647.0
708.0,8802.0
741.0,8931.0
826.0,8934.0
868.0,8934.0
890.0,8934.0
908.0,8934.0
936.0,8934.0
1018.0,8934.0
1057.0,8934.0
1073.0,8934.0
1086.0,8934.0
1109.0,8934.0
1122.0,8934.0
1191.0,8934.0
1220.0,8935.0
864.0,8915.0
756.0,8902.0
817.0,8912.0
1009.0,8924.0
883.0,8918.0
1176.0,8924.0
1119.0,8923.0
1260.0,8926.0
1303.0,8928.0
1363.0,8929.0
1359.0,8930.0
1390.0,8930.0
1434.0,8931.0
1473.0,8931.0
1439.0,8930.0
1401.0,8930.0
1378.0,8929.0
1338.0,8928.0
1272.0,8928.0
1390.0,8929.0
1418.0,8929.0
1450.0,8930.0
1474.0,8931.0
1502.0,8932.0
1533.0,8932.0
1560.0,8932.0
1566.0,8932.0
1585.0,8933.0
1598.0,8933.0
1629.0,8933.0
1647.0,8933.0
1662.0,8933.0
1698.0,8933.0
1759.0,8933.0
1722.0,8934.0
1801.0,8933.0
1781.0,8934.0
1822.0,8934.0
1862.0,8934.0
1847.0,8933.0
1898.0,8933.0
1957.0,8933.0
1976.0,8934.0
1993.0,8934.0
1972.0,8934.0
2012.0,8934.0
2040.0,8934.0
2064.0,8934.0
2104.0,8934.0
2130.0,8934.0
2146.0,8934.0
2168.0,8934.0
2186.0,8935.0
2228.0,8935.0
2255.0,8935.0
2307.0,8935.0
2347.0,8936.0
2400.0,8935.0
2437.0,8935.0
2533.0,8934.0
2493.0,8935.0
2577.0,8934.0
2605.0,8933.0
2718.0,8934.0
2645.0,8933.0
2839.0,8934.0
2837.0,8934.0
2864.0,8935.0
2864.0,8935.0
2920.0,8935.0
2858.0,8935.0
2858.0,8935.0
2840.0,8934.0
2734.0,8934.0
2598.0,8933.0
2530.0,8934.0
2434.0,8935.0
2372.0,8935.0
2364.0,8852.0
2367.0,8741.0
2352.0,8658.0
2313.0,8598.0
2212.0,8562.0
2211.0,8512.0
2226.0,8478.0
2211.0,8455.0
2176.0,8445.0
2141.0,8446.0
2120.0,8450.0
2090.0,8453.0
2048.0,8449.0
2003.0,8440.0
1960.0,8430.0
1926.0,8421.0
1896.0,8408.0
1906.0,8376.0
1911.0,8339.0
1917.0,8291.0
1918.0,8252.0
1912.0,8225.0
1912.0,8225.0
1904.0,8203.0
1892.0,8190.0
1874.0,8186.0
1855.0,8188.0
1844.0,8194.0
1836.0,8209.0
1827.0,8232.0
1821.0,8262.0
1817.0,8301.0
1813.0,8350.0
1808.0,8398.0
1806.0,8430.0
1808.0,8450.0
1811.0,8462.0
1817.0,8469.0
1825.0,8471.0
1837.0,8466.0
1855.0,8455.0
1878.0,8435.0
1911.0,8457.0
1891.0,8482.0
1865.0,8509.0
1836.0,8529.0
1813.0,8540.0
1801.0,8540.0
1793.0,8529.0
1788.0,8509.0
1786.0,8482.0
1786.0,8455.0
1791.0,8416.0
1800.0,8352.0
1803.0,8288.0
1801.0,8239.0
1806.0,8196.0
1818.0,8159.0
1827.0,8135.0
1840.0,8117.0
1864.0,8102.0
1893.0,8104.0
1912.0,8119.0
1927.0,8140.0
1940.0,8176.0
1940.0,8176.0
1948.0,8221.0
1947.0,8266.0
1938.0,8325.0
1932.0,8379.0
1963.0,8377.0
1997.0,8374.0
2046.0,8372.0
2099.0,8371.0
2139.0,8365.0
2173.0,8356.0
2214.0,8349.0
2233.0,8357.0
2230.0,8380.0
2221.0,8404.0
2290.0,8426.0
2379.0,8466.0
2413.0,8524.0
2435.0,8594.0
2447.0,8689.0
2444.0,8808.0
2433.0,8935.0
2524.0,8933.0
2529.0,8786.0
2534.0,8648.0
2517.0,8543.0
2495.0,8462.0
2462.0,8399.0
2422.0,8342.0
2348.0,8303.0
2257.0,8292.0
2234.0,8280.0
2238.0,8274.0
2215.0,8269.0
2187.0,8265.0
2137.0,8273.0
2099.0,8281.0
2043.0,8293.0
1996.0,8297.0
1967.0,8306.0
1973.0,8245.0
1977.0,8182.0
1970.0,8115.0
1970.0,8115.0
1947.0,8069.0
1925.0,8040.0
1897.0,8006.0
1868.0,7983.0
1842.0,7997.0
1819.0,8029.0
1799.0,8064.0
1783.0,8103.0
1736.0,8050.0
1685.0,8030.0
1615.0,8042.0
1563.0,8033.0
1521.0,8045.0
1466.0,8058.0
1410.0,8091.0
1344.0,8122.0
1342.0,8205.0
1347.0,8256.0
1415.0,8202.0
1454.0,8166.0
1518.0,8127.0
1569.0,8121.0
1616.0,8119.0
1651.0,8118.0
1709.0,8109.0
1768.0,8145.0
1761.0,8200.0
1678.0,8201.0
1640.0,8194.0
1603.0,8219.0
1564.0,8233.0
1503.0,8244.0
1435.0,8277.0
1392.0,8320.0
1332.0,8390.0
1255.0,8459.0
1225.0,8520.0
1258.0,8562.0
1310.0,8526.0
1357.0,8463.0
1412.0,8404.0
1472.0,8362.0
1555.0,8325.0
1589.0,8312.0
1630.0,8295.0
1680.0,8287.0
1746.0,8288.0
1740.0,8377.0
1686.0,8390.0
1642.0,8396.0
1589.0,8424.0
1538.0,8448.0
1484.0,8479.0
1423.0,8510.0
1359.0,8565.0
1299.0,8636.0
1240.0,8689.0
1272.0,8772.0
1356.0,8675.0
1451.0,8600.0
1511.0,8565.0
1548.0,8549.0
1604.0,8529.0
1665.0,8491.0
1700.0,8469.0
1740.0,8448.0
1740.0,8491.0
1740.0,8539.0
1744.0,8580.0
1751.0,8603.0
1766.0,8613.0
1792.0,8614.0
1810.0,8613.0
1836.0,8605.0
1862.0,8591.0
1886.0,8563.0
1922.0,8516.0
1980.0,8536.0
2019.0,8553.0
2038.0,8574.0
2064.0,8600.0
2096.0,8632.0
2119.0,8662.0
2142.0,8689.0
2158.0,8720.0
2161.0,8764.0
2125.0,8830.0
2085.0,8903.0
2159.0,8934.0
2242.0,8935.0
2278.0,8935.0
2325.0,8935.0
2379.0,8935.0
2289.0,8935.0
2246.0,8935.0
2204.0,8935.0
2127.0,8934.0
2081.0,8934.0
2086.0,8934.0
2091.0,8923.0
2096.0,8860.0
2090.0,8805.0
2078.0,8769.0
2064.0,8733.0
2035.0,8696.0
2005.0,8662.0
1979.0,8629.0
1920.0,8599.0
1884.0,8641.0
1866.0,8678.0
1844.0,8706.0
1803.0,8722.0
1755.0,8727.0
1738.0,8715.0
1733.0,8689.0
1731.0,8651.0
1723.0,8621.0
1708.0,8585.0
1704.0,8528.0
1677.0,8564.0
1686.0,8612.0
1685.0,8666.0
1678.0,8729.0
1673.0,8780.0
1682.0,8805.0
1691.0,8829.0
1719.0,8838.0
1769.0,8833.0
1834.0,8810.0
1865.0,8788.0
1891.0,8750.0
1925.0,8806.0
1958.0,8852.0
1980.0,8926.0
2009.0,8933.0
2025.0,8933.0
2046.0,8933.0
2065.0,8934.0
2088.0,8934.0
2104.0,8934.0
2126.0,8934.0
2151.0,8934.0
2119.0,8934.0
2096.0,8934.0
2068.0,8934.0
2044.0,8933.0
2022.0,8933.0
2004.0,8933.0
1987.0,8933.0
1967.0,8932.0
1912.0,8927.0
1889.0,8843.0
1843.0,8906.0
1782.0,8930.0
1754.0,8931.0
1723.0,8931.0
1683.0,8931.0
1642.0,8930.0
1611.0,8894.0
1600.0,8858.0
1614.0,8795.0
1633.0,8733.0
1638.0,8655.0
1626.0,8599.0
1572.0,8623.0
1520.0,8660.0
1440.0,8721.0
1315.0,8806.0
1336.0,8919.0
1433.0,8845.0
1498.0,8768.0
1576.0,8714.0
1556.0,8795.0
1543.0,8860.0
1535.0,8929.0
1570.0,8931.0
1603.0,8932.0
1638.0,8932.0
1686.0,8932.0
1735.0,8932.0
1775.0,8931.0
1806.0,8931.0
1857.0,8931.0
1899.0,8932.0
1944.0,8932.0
1974.0,8933.0
1987.0,8933.0
2005.0,8933.0
2025.0,8933.0
2044.0,8933.0
2068.0,8934.0
2023.0,8934.0
2005.0,8934.0
1987.0,8933.0
1971.0,8933.0
1945.0,8933.0
1882.0,8932.0
1846.0,8932.0
1808.0,8932.0
1767.0,8932.0
1709.0,8932.0
1672.0,8932.0
1631.0,8932.0
1585.0,8932.0
1557.0,8932.0
1524.0,8932.0
1539.0,8932.0
1480.0,8930.0
1465.0,8929.0
1446.0,8929.0
1410.0,8929.0
1246.0,8929.0
1331.0,8929.0
1227.0,8929.0
1197.0,8930.0
1150.0,8926.0
1166.0,8847.0
1173.0,8746.0
1201.0,8839.0
1252.0,8878.0
1463.0,8928.0
1483.0,8928.0
1495.0,8929.0
1494.0,8931.0
1529.0,8931.0
1562.0,8932.0
1597.0,8932.0
1633.0,8932.0
1677.0,8932.0
1727.0,8932.0
1774.0,8932.0
1810.0,8932.0
1853.0,8932.0
1891.0,8931.0
1971.0,8743.0
1998.0,8791.0
2028.0,8827.0
2041.0,8871.0
2049.0,8933.0
2063.0,8933.0
2083.0,8934.0
2096.0,8934.0
2103.0,8934.0
2123.0,8934.0
2164.0,8934.0
2218.0,8935.0
2467.0,8935.0
2552.0,8934.0
2503.0,8935.0
2568.0,8933.0
2649.0,8933.0
2805.0,8935.0
2860.0,8934.0
2860.0,8934.0
2791.0,8934.0
2647.0,8932.0
2744.0,8831.0
2635.0,8795.0
2631.0,8630.0
2614.0,8509.0
2588.0,8412.0
2550.0,8340.0
2508.0,8278.0
2451.0,8229.0
2388.0,8196.0
2289.0,8190.0
2240.0,8185.0
2228.0,8181.0
2189.0,8174.0
2155.0,8179.0
2109.0,8196.0
2071.0,8211.0
2027.0,8218.0
1995.0,8227.0
2000.0,8130.0
1996.0,8055.0
1996.0,8055.0
1972.0,7995.0
1940.0,7965.0
1900.0,7924.0
1860.0,7888.0
1831.0,7885.0
1804.0,7912.0
1776.0,7943.0
1759.0,7990.0
1720.0,7958.0
1659.0,7935.0
1571.0,7959.0
1536.0,7965.0
1465.0,7962.0
1417.0,7958.0
1337.0,7963.0
1353.0,8128.0
1297.0,8152.0
1236.0,8218.0
1315.0,8262.0
1249.0,8345.0
1206.0,8434.0
1262.0,8480.0
1308.0,8389.0
1282.0,8334.0
1258.0,8581.0
1189.0,8586.0
1235.0,8726.0
1201.0,8685.0
1159.0,8656.0
1108.0,8645.0
1035.0,8647.0
1030.0,8805.0
1089.0,8807.0
1132.0,8818.0
1178.0,8842.0
1115.0,8934.0
1147.0,8925.0
1172.0,8929.0
1194.0,8929.0
1238.0,8926.0
1283.0,8927.0
1319.0,8928.0
1141.0,8927.0
980.0,8921.0
1158.0,8935.0
1153.0,8934.0
1099.0,8934.0
1052.0,8934.0
971.0,8933.0
941.0,8933.0
915.0,8933.0
904.0,8933.0
891.0,8878.0
863.0,8713.0
808.0,8586.0
762.0,8459.0
729.0,8374.0
684.0,8264.0
626.0,8163.0
560.0,8079.0
527.0,8009.0
462.0,7946.0
352.0,7868.0
242.0,7798.0
106.0,7749.0
218.0,7573.0
354.0,7653.0
500.0,7740.0
580.0,7833.0
633.0,7910.0
687.0,7988.0
754.0,8058.0
804.0,8197.0
847.0,8286.0
902.0,8404.0
939.0,8543.0
968.0,8671.0
966.0,8827.0
965.0,8931.0
1025.0,8932.0
1051.0,8933.0
1091.0,8934.0
1134.0,8934.0
958.0,8935.0
1136.0,8928.0
1146.0,8927.0
1127.0,8928.0
1165.0,8934.0
1133.0,8934.0
1072.0,8934.0
1013.0,8933.0
981.0,8932.0
1049.0,8933.0
1088.0,8934.0
985.0,8924.0
1506.0,8932.0
1557.0,8932.0
1578.0,8932.0
1628.0,8933.0
1663.0,8933.0
1690.0,8933.0
1747.0,8933.0
1795.0,8933.0
1832.0,8933.0
1871.0,8933.0
1922.0,8933.0
1922.0,8934.0
1883.0,8934.0
1957.0,8934.0
1527.0,8932.0
1498.0,8931.0
1500.0,8929.0
1501.0,8928.0
1493.0,8860.0
1927.0,8696.0
2001.0,8487.0
2042.0,8498.0
2072.0,8506.0
2097.0,8516.0
2117.0,8527.0
2148.0,8541.0
2187.0,8561.0
2206.0,8588.0
2204.0,8628.0
2163.0,8686.0
2216.0,8740.0
2269.0,8814.0
2269.0,8920.0
2306.0,8935.0
2359.0,8935.0
2406.0,8935.0
2743.0,8645.0
2857.0,8691.0
2857.0,8691.0
2981.0,8785.0
2866.0,8925.0
2866.0,8925.0
2937.0,8934.0
3003.0,8934.0
3098.0,8793.0
3190.0,8673.0
3274.0,8580.0
3355.0,8499.0
3440.0,8431.0
3518.0,8383.0
3614.0,8340.0
3694.0,8299.0
3799.0,8303.0
3903.0,8305.0
3912.0,8529.0
3812.0,8516.0
3715.0,8533.0
3614.0,8548.0
3534.0,8581.0
3456.0,8631.0
3374.0,8700.0
3293.0,8776.0
3196.0,8889.0
3117.0,8934.0
3056.0,8934.0
2992.0,8935.0
2912.0,8935.0
2997.0,8935.0
3086.0,8936.0
3145.0,8935.0
3154.0,8934.0
3185.0,8933.0
3232.0,8933.0
3296.0,8934.0
3380.0,8935.0
3472.0,8936.0
3512.0,8936.0
3575.0,8935.0
3686.0,8934.0
3789.0,8932.0
3872.0,8923.0
3781.0,8828.0
3683.0,8820.0
3874.0,8850.0
3588.0,8847.0
3511.0,8870.0
3416.0,8917.0
3351.0,8934.0
3283.0,8933.0
3215.0,8933.0
3145.0,8934.0
3108.0,8935.0
3059.0,8935.0
3203.0,8933.0
3248.0,8934.0
3337.0,8935.0
3437.0,8936.0
3514.0,8936.0
3560.0,8935.0
3643.0,8935.0
3732.0,8933.0
3841.0,8929.0
3908.0,8919.0
3943.0,8910.0
3877.0,8085.0
3753.0,8115.0
3670.0,8126.0
3565.0,8167.0
3471.0,8223.0
3383.0,8286.0
3295.0,8357.0
3215.0,8439.0
3135.0,8541.0
3051.0,8658.0
2972.0,8564.0
2859.0,8504.0
2859.0,8504.0
2827.0,8372.0
2827.0,8372.0
2775.0,8263.0
2775.0,8263.0
2722.0,8154.0
2722.0,8154.0
2661.0,8079.0
2661.0,8079.0
2596.0,8020.0
2596.0,8020.0
2525.0,7981.0
2525.0,7981.0
2442.0,7959.0
2442.0,7959.0
2325.0,7954.0
2325.0,7954.0
2251.0,7952.0
2251.0,7952.0
2209.0,7926.0
2209.0,7926.0
2165.0,7939.0
2165.0,7939.0
2129.0,7966.0
2129.0,7966.0
2079.0,7994.0
2079.0,7994.0
2037.0,7998.0
2037.0,7998.0
2010.0,8010.0
2010.0,8010.0
1984.0,7930.0
1958.0,7897.0
1911.0,7847.0
1866.0,7824.0
1840.0,7816.0
1804.0,7843.0
1770.0,7880.0
1742.0,7911.0
1696.0,7865.0
1651.0,7845.0
1567.0,7855.0
1496.0,7857.0
1411.0,7881.0
1293.0,7850.0
1356.0,8011.0
1272.0,8057.0
1224.0,8099.0
1153.0,8058.0
1213.0,8008.0
1284.0,7926.0
1369.0,7838.0
1273.0,7744.0
1463.0,7746.0
1566.0,7751.0
1647.0,7759.0
1707.0,7790.0
1737.0,7831.0
1780.0,7805.0
1820.0,7783.0
1848.0,7776.0
1895.0,7775.0
1936.0,7787.0
1974.0,7823.0
2000.0,7885.0
2030.0,7861.0
2000.0,7771.0
1972.0,7714.0
1928.0,7705.0
1877.0,7702.0
1824.0,7729.0
1782.0,7746.0
1752.0,7761.0
1693.0,7722.0
1603.0,7685.0
1528.0,7632.0
1327.0,7621.0
1377.0,7697.0
1289.0,7768.0
1221.0,7872.0
1138.0,7971.0
1038.0,7930.0
1095.0,8028.0
1118.0,8145.0
1178.0,8175.0
1204.0,8308.0
1140.0,8272.0
1067.0,8250.0
1095.0,8391.0
1158.0,8402.0
1165.0,8527.0
1207.0,8542.0
1101.0,8517.0
1029.0,8519.0
993.0,8393.0
956.0,8259.0
910.0,8137.0
1008.0,8123.0
971.0,8020.0
867.0,8030.0
809.0,7960.0
924.0,7930.0
879.0,7795.0
1004.0,7802.0
1112.0,7817.0
1211.0,7716.0
1296.0,7610.0
1330.0,7558.0
1437.0,7520.0
1543.0,7569.0
1632.0,7631.0
1737.0,7696.0
1781.0,7670.0
1838.0,7601.0
1911.0,7619.0
1949.0,7637.0
2013.0,7679.0
2054.0,7721.0
2101.0,7680.0
2156.0,7852.0
2203.0,7835.0
2226.0,7814.0
2348.0,7842.0
2454.0,7845.0
2547.0,7852.0
2640.0,7882.0
2713.0,7948.0
2788.0,8033.0
2851.0,8137.0
2904.0,8265.0
2932.0,8400.0
3057.0,8450.0
3132.0,8349.0
3212.0,8251.0
3295.0,8164.0
3392.0,8089.0
3492.0,8027.0
3599.0,7974.0
3703.0,7941.0
3827.0,7918.0
3754.0,7738.0
3900.0,7707.0
3816.0,7503.0
3646.0,7536.0
3493.0,7614.0
3366.0,7706.0
3256.0,7811.0
3156.0,7922.0
3066.0,8024.0
2983.0,8146.0
2924.0,8017.0
2858.0,7907.0
2770.0,7806.0
2678.0,7749.0
2567.0,7705.0
2456.0,7676.0
2326.0,7715.0
2222.0,7719.0
2166.0,7689.0
2109.0,7599.0
2063.0,7646.0
1991.0,7595.0
1922.0,7568.0
1837.0,7502.0
1764.0,7491.0
1703.0,7578.0
1590.0,7501.0
1677.0,7397.0
1748.0,7385.0
1834.0,7393.0
1963.0,7465.0
2041.0,7533.0
2101.0,7482.0
2162.0,7581.0
2292.0,7561.0
2447.0,7550.0
2580.0,7537.0
2714.0,7581.0
2830.0,7656.0
2924.0,7755.0
3008.0,7889.0
3092.0,7750.0
3009.0,7608.0
2898.0,7478.0
2747.0,7377.0
2580.0,7344.0
2394.0,7374.0
2203.0,7416.0
2090.0,7294.0
2006.0,7375.0
1861.0,7297.0
1738.0,7289.0
1653.0,7302.0
1577.0,7362.0
1483.0,7445.0
1379.0,7439.0
1295.0,7463.0
1194.0,7533.0
1092.0,7680.0
972.0,7666.0
820.0,7661.0
699.0,7741.0
749.0,7835.0
637.0,7633.0
527.0,7532.0
374.0,7401.0
181.0,7308.0
54.0,7519.0
379.0,7087.0
600.0,7279.0
694.0,7425.0
779.0,7572.0
927.0,7508.0
1078.0,7505.0
1185.0,7428.0
1320.0,7382.0
1447.0,7321.0
1515.0,7246.0
1606.0,7185.0
1401.0,7092.0
1346.0,7251.0
1211.0,7286.0
1068.0,7385.0
891.0,7373.0
840.0,7206.0
1062.0,7235.0
1294.0,7038.0
1083.0,6914.0
743.0,6953.0
419.0,6601.0
102.0,6954.0
1117.0,6521.0
1180.0,6941.0
1534.0,6975.0
1801.0,6927.0
2055.0,7010.0
1938.0,7166.0
1732.0,7158.0
2279.0,7172.0
2544.0,7095.0
2786.0,7152.0
2981.0,7281.0
3105.0,7445.0
3198.0,7624.0
3319.0,7495.0
3475.0,7369.0
3670.0,7278.0
3892.0,7250.0
3703.0,6925.0
3429.0,7070.0
3238.0,7261.0
3096.0,7023.0
2817.0,6810.0
2407.0,6792.0
2060.0,6487.0
1434.0,6607.0
1146.0,6003.0
2835.0,6204.0
3311.0,6692.0
3782.0,6349.0
3624.0,7776.0
3497.0,7826.0
3383.0,7895.0
3284.0,7986.0
3195.0,8085.0
3108.0,8181.0
3021.0,8286.0
2718.0,8495.0
2699.0,8386.0
2658.0,8287.0
2617.0,8206.0
2557.0,8146.0
2489.0,8097.0
2425.0,8079.0
2329.0,8072.0
2271.0,8074.0
2231.0,8053.0
2181.0,8066.0
2148.0,8085.0
2095.0,8110.0
2051.0,8111.0
2024.0,8103.0
1864.0,8290.0
1864.0,8290.0
1862.0,8280.0
1859.0,8274.0
1855.0,8272.0
1851.0,8274.0
1848.0,8280.0
1844.0,8290.0
1840.0,8303.0
1837.0,8320.0
1835.0,8337.0
1834.0,8354.0
1833.0,8368.0
1834.0,8378.0
1836.0,8384.0
1838.0,8385.0
1842.0,8383.0
1847.0,8377.0
1852.0,8367.0
1856.0,8354.0
1860.0,8339.0
1863.0,8321.0
1865.0,8304.0
1847.0,8328.0
1948.0,8474.0
2109.0,7834.0
546.0,8929.0
541.0,8788.0
517.0,8669.0
490.0,8556.0
449.0,8466.0
448.0,8404.0
403.0,8341.0
323.0,8273.0
238.0,8218.0
154.0,8180.0
47.0,8136.0
74.0,8359.0
147.0,8393.0
219.0,8437.0
291.0,8481.0
363.0,8545.0
387.0,8627.0
369.0,8719.0
375.0,8837.0
378.0,8931.0
460.0,8933.0
530.0,8933.0
598.0,8934.0
707.0,8935.0
652.0,8934.0
776.0,8935.0
819.0,8934.0
880.0,8934.0
846.0,8934.0
799.0,8934.0
737.0,8934.0
616.0,8934.0
405.0,8933.0
471.0,8933.0
518.0,8933.0
569.0,8934.0
459.0,8933.0
412.0,8933.0
342.0,8933.0
299.0,8933.0
232.0,8932.0
172.0,8930.0
159.0,8929.0
131.0,8928.0
78.0,8922.0
3925.0,8902.0
126.0,8626.0
172.0,8683.0
222.0,8749.0
276.0,8841.0
276.0,8932.0
272.0,8931.0
330.0,8932.0
335.0,8934.0
273.0,8933.0
1798.0,8935.0
538.0,8933.0
163.0,8929.0
527.0,8932.0
3927.0,8919.0
1265.0,8922.0
188.0,8924.0
72.0,8589.0
